1 0
2 1
3 6
4 29
5 132
6 590
7 2628
8 11732
9 52608
10 237129
11 1074510
12 4893801
13 22395420
14 102943815
15 475139070
16 2201301575
17 10234016880
18 47731093715
19 223273611810
20 1047265325255
21 4924606035900
22 23211459517120
23 109642275853176
24 518959629394294
25 2460993383491632
26 11691102386417575
27 55631432784968898
28 265131107282962503
29 1265425239837087252
30 6047986005038996766
31 28943410004569240020
32 138682651267980237564
33 665272285981136637696
34 3194884265814187207899
35 15359064650651984464962
36 73910422282520224689855
37 356005613169437325513228
38 1716321748079153498932770
39 8281577352707755448433660
40 39992904334468205628308580
41 193282484663035459874404800
42 934817653626300979378220595
43 4524517548720297116326350810
44 21913694118551965161876450915
45 106204919591219433944224278420
46 515048231725599569555974619475
47 2499278044533888314901885253830
48 12134851313729435926613333625447
49 58951917733763246070438789493968
50 286547038193108314730017187528229
51 1393541253903346632189790227089550
52 6780496993815077245878216684340481
53 33007552132596288393814107264987396
54 160756262313560745190850817647327864
55 783282359786627855565893367446059512
56 3818194739506932346297957338030575090
57 18620049489702784186873856470416986448
58 90840739634665062734511603683268470257
59 443355294626897993828059355860795723758
60 2164657262396338492940189286283430701729
61 10572732434785084176884765148376926654060
62 51658439185605329509555654892143088597551
63 252491384797865818237648945091177585590110
64 1234521356795772519510426610210161550979775
65 6038000153421634415437868644550376964977600
66 29541054618061485003801351340227026495857875
67 144575034341390655045476589468881366743177650
68 707768579923873591174233631408155049946473575
69 3465902247091767921841817284526802564955740300
70 16977155733365474666300467266105876783032525650
71 83182855270535141861559846799299727933673209500
72 407680360755038193147429490752343508701427418100
73 1998571853170501029745731824633483126111552957760
74 9800106686490412268766428657429483711665883008315
75 48067337345951721083939461047340701472729235502570
76 235816844382986968705574288607022203662031795342875
77 1157184081872825884461262252138084820349963533656980
78 5679765655396436198817498561375437058138058222180205
79 27884077708724276376749327676143036634081542095676970
80 136923408451390354505859566001269673815018945742029885
81 672500174922378551868405501864105572453157744890749200
82 3303681695636226871274676128704497051739659415972606665
83 16232782747523929847129899396834943975155178937764171910
84 79776448792936298128718856772372864527535053296015280165
85 392140229139300217453944104590520621454750493283511940020
86 1927929581941471880260277258373368565327569515281357229800
87 9480301861908028150111772389617105595592809942571809277880
88 46626478279356424123490727604652917319095247876006694418650
89 229361642258927329652165728487517837348413537722419092792400
90 1128457025575755471515570623592605207284703347522622720898325
91 5552949265122282268985948888370850198646791157139988849095750
92 27329725430132022850792719087234293361215890938357600767279925
93 134529707833952845689036948077152021944283251992441776975611900
94 662324818038923673072601015565825336379786491378931914552124600
95 3261311896953383775895763654492300620683431933591030164083265800
96 16061301561573980008488304297359344661044849160329832500772927750
97 79110639393668666093670077981879096792807272680066181205823019200
98 389720732467379577946884700728820652092666719929729005342545802965
99 1920150729066512064519294609608361851315804982587169433369072135710
100 9461916347341484516114495045951172535544493727696910861469125003505
101 46631959856418472994802291663748336986682418862612419142377088064500
102 229851773391124893016683861358169446795081920054974354858103990104070
103 1133106034193413389436521695369947436046343936769012312138144223764820
104 5586639623462588790081560669978108288169315942200197156917861300823380
105 27547812120075244413884248812623001595164011678218143251082560119703040
106 135856019330461518165096455194994933091927651865085303277732116393438925
107 670077402258391709896197889886877829556815231239567344717445408574199910
108 3305402835388716223271310239831450321717014240714387028026955965015135965
109 16307080091607307167462908669226724612906209747842462068598570706480332460
110 80459897132051442731627972702782263869691546003951175235522719568649565605
111 397039120431002163978909367093754028048459622934562280499649884248446609450
112 1959461828084054953440505817983271384338588058688711414632762258751143603745
113 9671395415367290244196884730198790933999608858225945287142858594336311414000
114 47740774855110844266315244956973995192666721683592942531060899143795397552075
115 235687726072064438137853113158474036112272710253180465713845849563767198192850
116 1163672728037515578035923249051066229786520222812050240273112031081522342435375
117 5746062707430560110023383125932512675726826158027412832969784271999333978411900
118 28376232119093674105586279128012784030460775382533435217139315606801218178997200
119 140146811728034859484040651910637508270267381744377893620657631735769907342779800
120 692237507640285597166128638885353330881173435188099647874410931080687849115074150
121 3419556179920030705948815888725403900850824361574840735469627483406880262686982000
122 16893762635744707942659822684509576671248466042708272311784821040818519035322688975
123 83468843233542512053700773512274491119937230011359456761172343681318001303038636626
124 412442217556260716834028304983767916113756606020097143899968501005318313137040665119
125 2038177052865460963426614995582254775045044090760084890375730067344172199595933442132
126 10073030698106811216475109804872588029378694435246689872377018256102447014796281734750
127 49787148829121967938389750088501241554530532804528697931027288130278936874099091401748
128 246100565222089061637611882439589887362626652799749572087916419269016686590308102780188
129 1216593924614202786611788337260615849641801851604832193447039586800002811630555502676992
130 6014725152765134646168213979310533105852762105632091653302482204597222074649007619217011
131 29738734785863621377633854920715540353924786936831930405614349493079850744494982028363570
132 147050059814817843102734454099422826720892615367935642394672054508254123619052459741291719
133 727182486139735128690456913584866599778916255479371083405567924394939430998831155164197836
134 3596305567367407096547594473824045106098893252450225542504515081597122071708893412266984234
135 17787062186711205273522702137140504197191311728648028783990071574058313698158743843863974092
136 87980379176622667256800467926912781652394955877873756157651790854440327090381977149239765980
137 435212056779581696009703131541793497802728342595854058805947162378493375707121420619462258048
138 2153024716040864154929262859792017612942030295814794426097444180243148787686838948229597957835
139 10651963175377147685208923187378125820245081536359833877780013379007342644756283533360049042570
140 52703855439754246378903661436338073231654592545066096113265677956048727551124493345428018249835
141 260787493184866915926315937846995409794739074240624280675133068903529525896711089039164961614100
142 1290512871516046107193728334323383218410422200102820849650802685074930883247688505188276437926765
143 6386585071559116210369629177419381074720373225348720108472310220934948285526148901501483884641770
144 31608611900470234608622449133105988708160637982257913614238387744381434747380774516100785914819805
145 156448750277445470976530065613572950991067489820990046931265171626614865604073195656132350465282640
146 774405310222472900263883007986011016332221640092074836217516613637463446643442784001998476639480825
147 3833484418663422081906940731389957922127972143579011134619965687473874123459774981805640509340475110
148 18977886831326225060199368441241905649161088210987712460451266132533216969506464890719193860021297813
149 93957271055147974598753584036089921672951010065684679709457480510045602026621804283846514453630293172
150 465201340074309329387874751193287419295804576909915065848095840986664844621546105489786623455952226016
151 2303452053895355200428868799977967811407836757801804303706308207862708127276107968586732910335374994600
152 11406297562866105104003865239979917038561835376799566048273909277544920397766286026559655300144443583874
153 56485524774124628714532817521509731924204944152102054437111701447836921351639773984144558442811432568464
154 279741079279949101912845540878189781603893432763617714946163588703024660702233119612829177022228892442101
155 1385484256367651279381162003766685621923235260976203934767424006015433446071883515116614513267213577967558
156 6862350317382293459411829190814864819168337418450433903812526644674334808025395023540935622165669622916885
157 33991457792516893302142418378248422255245915818716587715670220762475526735187715465642999351726915295884732
158 168380577544877132120704619390290016912828754013639679510197527664978464882825942727455954428227399272898098
159 834140456174873515129489676341814517109216757589352082504596377367349550793145078654048169912644034331548012
160 4132482805419802395568324362384169141368547026621944865872440503178233502242755428084083030265979472312963356
161 20474217102042645444484173744085888595353372469674101170623180674019962000411918908608272025716471656712138240
162 101444296895369684626498905631326768615252112370140257271470329914779869536333695040999924396407883790323715489
163 502657031520657266867695126915182472089555348958910374642114421921345271928860861541665097065271604589866399910
164 2490803093565075096040026899026266159983059369639559254382187816073199718963204692355855049753472872672057369805
165 12343270868672735217525841939241775157585977227249851831808932948022838362408599037088960299759411641166710970340
166 61170788215676888836429512670470921865888737880608290006708210197230619538077646426977842337486785738764169454150
167 303166058723106691599795149744153263362969100821980561470547461452960905388047723845870912431154104426911823915060
168 1502586552488222467152165988875123617175516693083840980034709715716497426705529665500650101399139112163027797262380
169 7447672586383100567400000884979240688639207683706159246904330913695216553673196341522416459242871525498433121497920
170 36916758148124120375962723848398549494194704888962023903566607000499168744267590098699127758334311646571455211511785
171 182998776978018722101332803548507843404329409428976837611638043838440762676759651797553448851854897691876453053693550
172 907181575437638790587634782563460529026409675392248316258377695342989992659251431703846825113240153655704117237377465
173 4497398961303960709379740748608310106140042354643365464365878248891494734635109957512802059097919161210395848438488316
174 22297158970154013503260351073246720878585141922236023787034972184344804113926976399625222337102724809691072970740474929
175 110549894164098453532811451544655770946205094879714620862569766740436590945986685830824333529730328448650390663762821762
176 548135066959941042518643994010384506565522278228689691911209132475379580596226087260500257018183082222639315503346786525
177 2717922509784213549073965798619457849832169822630488361511350642274985243229530835754641102649595052382833073218078624368
178 13477413657739670400425629241215385455807052473423595396925732902388919501304120417999782229223791618132185880182216402063
179 66833750098881547130215665481483767438901368956817009947568274256891731764012451718020222608682912816294158560481113860842
180 331439809714105889891114941477307756550472313929526504693104584127262006386864213352375208921844540646345173391573085517411
181 1643739028749213448505546997054655161569803777466760586205102990108471396583109069180296283694036618093645301976974382507020
182 8152301063263914980622501179824655516298022730482362462916512938495160255696855832184695007526551572600564706578870408538344
183 40433980094746384034191716118930367214599688510416003556242775870148847651982156309135471619015131895994093554889521671640296
184 200554085884569476918290925715297391420597876486970336274754115295923467862552386798411466637440304455140195886010463365036374
185 994798391540419227916668851036333784501584895481265173326410171850553734002508831594307203608005409773210327831696893523280112
186 4934657070784467395718333262485334524688167186805838178764203746864075288204791996309441290969415300679001249201739361591749555
187 24479189232264413235446209050002041708507058715604022606266263766135268871731289371773736572969282237667450567650832825821731978
188 121438121775820577521721021256801216673419731800729851107084962257599769539297527603529284001865357549751126370143448312332362755
189 602463618828617722618410355880442652163242152260736111304638617747785822866669335428866847270265890566153317385256257066149496900
190 2988988190554240482716342530189845376139069322751792437358792998919264289033011268402938575317981177946132527757928519020032587275
191 14829789253008363997460660906406646438583533634443391584737264900037878146601655234334323764959556207018361513190958015169924467750
192 73580542932715562097933771832776689562253651092457936409009832556796315651926553483995202242073021185505069239329851472463145436975
193 365096819528188734817113879925837991310154193557576364534423293750146479312937387484044420557366866746642969189289671120200557972800
194 1811632032513985305887807960550739561669478745180064898821760441229627728930135719499299914331940278679585214883308609590208546983325
195 8989771266227322591127957107699697665229022970867743135608204296324145503331050164706729071628257123401849062813297474121966496458350
196 44611192638511046346792002324573517582171682406295531357680064101351643673260767158203194194600720853094824585739398475458191708463625
197 221388675446505483490208232492986329419747320382516965727184952757871383092519712189428449985232651496829560331590826182143357177822900
198 1098710267571901275144387675141403835892317556156562698476249441866182058634529094502510608050842376550481884619524799704553508294410190
199 5452893514810178812963201787847272418256969506869864348397588442195915469822038602396363764141566874560064346181199090497385667312685860
200 27063673469696688508052748764650861639586944337096656669530574486307058838044566564123447915234453385754089693081997853884255211566205580
201 134326658597465100657420456890199522223221572781106334365372085090687208900139540892918414222373881144020129595402382964962053026403064000
202 666735014992704957243639345753325306529065572750182382774976949854291400028604211114176418892223758637024893248520983169160006038440560245
203 3309479911850216905031998002061866884477426332478700770900337478667111467787962706882197578386951959015592598976383136354568472202994313270
204 16427879920863597408158289573326353551609487856055904912941382881049718446420818009497321618914073733157084843250480537995759136489217326805
205 81548960202846658282414974422627799140819394823316952602886837244639128634885570458442867832901208809055353023495190268938519551700126320940
206 404827800580221468766702551379924941605101584224510270724279983402001160026636928995626450256135492718178022866235065229857929370418247701675
207 2009727060484564697464549822606276175914400339153116580603135058919846237997025597688633676315962098457215817419293528150103637334294535213510
208 9977426584167142201833744950375928522333702603613906720966556089884130973095797324946109857435449001420680493086066882791168510738345851827915
209 49535274286966747944789862404394543439076767682493864106440980643183035788431246643752279138820500336694438916842131572616481553148718315627760
210 245937660364144712078850605937771949085987873508923524948433842435035608054563579303560551314966911057810391400198644189797381412787381633259255
211 1221095979426000160572127746888399296861225307699272368845938289347844129670477818871710298723061190578328627058734430101967171985423793072867450
212 6063016237237430263319158914854862750517672758975243953215266413573815250377145289465207782197534984049951104537286663316044017615532821730069595
213 30105212436170135661007529214509203454842836866107994765524169597563395660417575284329305370122205230992015933615607681201823438228119390608625100
214 149488769278539112086405653148378511059843475102785074161439190171804445949112613679237625460547576327591425645361434743961056784888671811572328600
215 742316671877050465245525760921254845193456205527880973332135725876925280488239723313142864546170368075056466042790560301368615083487971326583497800
216 3686239214308769642254400956025888798341718820379138405012174942470467087343197400015616369980143649551207125264729566752352032855410264054732171750
217 18305910852665619693581772457463154030795206596021794801406269056164627526934999161785492840753697914381390859512433103019308704774695265742811585200
218 90910192393659727684516263158932575240559245731278979045403640217857773140263804607798083704551546257897164744822945012930170731094868041782640298475
219 451488918650919862098473264360423969716566113296307828447184868676704057780828231072885170151801627493918792037459228828914649512377597126576887790650
220 2242305487184142197505105321678605000038996002701615582202952690758248314550943220365469850185543871383087601446057896365102258473609962513115787288075
221 11136674132252387190579145843179323811999701043332958115426102653886965761897659824602568075545905504872871803654312981779002073915210855320251218938500
222 55313249975147147344649335283163294277377034607944745273744873888943925764891750660579341443190069902546219737580518201277852294899108831540527949948800
223 274736055580724524018356022746722686790640222902294141809644867419633981053591819239872165890519355205978058551479108330869986644285741769432990286747560
224 1364629783597991518253212751088391576844739830998688197631578598701253979343570185759704371302035827471179757469637672849917217521939820355682907415869890
225 6778391144062998117395562646316286826522181656930823327010609141309025455274128370351308911151588313051481518697406484600101427158354265066788657568153920
226 33670602650467660152105547958383477048072147429109814879426043252081063428635002395299806424444103298832236106812133370853045468106852334220806790636474875
227 167258242136258458259271490806875010461704536481660398879867850441666096323860954633987199528479842678121316415348319689742910799544268082005672132918776130
228 830876420378201328940168789479786661581578926788840405544437830781283853334951358862942484878087047245975829436694368343743265347608705161579230259318684255
229 4127599034902077410653073310351554012685368987858686932246172174437240969917749633351760359461667529345325978030657380142310760946893305009560054803729961420
230 20505512480505965237453590101170097466909189058169779380946598422906392619771841791230922646851417923416047084800322365634408316886342596398550493608719831610
231 101872205316690975809849234758328139775633038299766477119745751264206140131480139240014582792749543329016226940977958285214150020110057998278525518290672374700
232 506118999168742849164676131641519364700583704246041809543218843066459210646677744789508443314060694010578681753586790802763775398023712161582580465367343444940
233 2514556079106777596493480377611121283179852281466031979949530714953894844322729431941092474698672476358855971108526761965561105838218717191781756358668480482560
234 12493429308075228555740933942954801650003195430526392406259569896452041208781733558502306723670138590335900517104585744274784761241770192614559362676244566464515
235 62074546745020435317269624305427015313668577655333902048098489802149469766684071691796983784431719552793746729805402305175747852432247336744728832289614351592570
236 308430209566229917364702206979874036779283217871842764714506128137313320638902208283226284149722941009302444214386752353242492333476355220559466990556892371770675
237 1532539312525294630700294971287335984800377184188909487772010308786610631221163251822035918058807113771379573757957003753904102610601505478545771182618076833106580
238 7615135009098045029361661369597880867602631352757060543392362248235823308250211293310558223889461772877430172994537957798013200003273233346755120658025237955005875
239 37840317047763102671945860517582150714027673085114694800342172775050728055639052995461150074508460552656953836356551198806277738176844874147047317555809011029972550
240 188036868183508026324056393909518600078528747557702106694348480751458377118435319883146536227915261385549209683284020987469468557186943430369014306843717554142364775
241 934420256900563765866576054932278195402877889928413986976748638909732189288345465207105232451445268118900561965112923611116033807115779721749123819603461593869994000
242 4643574132741093765395902466670306646101999167867555852495864665500459450589862313000376243887016001397409749024408812700444821431192456980696223401309803672742056725
243 23076680443131393445155372582953341156703221365328483165044105966244386034868693334262317256328076037190098295441409219844458962751192200911401223216201702698294125550
244 114684576676610443043069922701114925994807447145315404007829311040396435043342251187904152931251481960297988957818459017982388689904639364008168479190997371550764771825
245 569963882109072190827044383383754652716101016057814366883016120583379358007982194604097052025534130433337798617261318392790386076152803371916527284696755641690689460100
246 2832697574469421869398537685121679112665292325956662538581390329302590646157054062328711880438323253296900491712361407451533951938126449943350978164787142143624750058000
247 14078732455305937738300430049928145786107153953497155947906313599437380470751580581417259432497372220866128151600091828883763970582864543767922535732543197476601557967400
248 69974094647876201212649374082058161014574488989009685692128196760328681391225226092436710847917181401113172959008506718334466270758042334537653427931287812419112733976122
249 347793390863183453385039244477676171277130837485862614889141625085690194204377232789839177344506107852314434705462867346397078811806055865478647652227254565534734781402768
250 1728683889544066274853045198976109640252245453230944648193015651303238499966550272750418651294383261182572631799506106912740023562754249724989062914468148299159046118627729
251 8592508827246012554723848257402677730920111368542195861299431721657710580127924365924287891096194808011791015391036116178484262322495903710246699181797129067833791741872750
252 42710480008731050007551293085776793937896511037582120926918941714440342082742793021065724496064423639239461259392100902106682493231371340821637969228093185507756037899850881
253 212304354597742619191093952416243942354961886766861139979447782070893934103246405118588501049439779501711311508212595895690677438696358034395474147467639345741082496259985836
254 1055342088117526140832329425552891769250950191342009352520895633716480890608504019928758451132853622607813731633506940396125502418538645031353916190459653302897146404879393999
255 5246110632523135186457532620003232105320776910174696029948065576426199463295228460541590010416493822084042952633840539224497832226850325041744319950115701274588428252878546142
256 26079027081058422613463597626858015610381970432381608523061344134614622272637645834076286921238311615370249249822171637423843711876876253132660609702422032619369080254743104415
257 129644770914500268757409393599075985510849097665991594642664122997751470007469266208977770413766543719309571666322248745490492066640249339398785852392781848792245358972596711168
258 644507875820028102632749035367877003781160516395893909060143783527334154082165027248948663818083799472888489790666197660475279521957532928453408508302751997299057253904053808467
259 3204136316041363379283087380694385029185113057691040468264928059264523392185618127638719668304198977148790345470393565556420294111159422724528222314975828784905452670029270483698
260 15929538683140403737635479705813929881811833641792856654207867986994376627057174474108331432793304542873333744030236066137601654285272071711874315028922793855697667627849729053799
261 79196283342535200039574419333923475579430470937169983432508655915563071590859799157511147222286937248071225356065678450814801697685181186354696062480750523587368091028769874202060
262 393745604896980015221829292290690590794846118420006213325909929594101484477577304693011007178099259238395648091311783500498694451025175531921420086846097934273037601441886791180906
263 1957653764520965705714696273393937638344974748035679532907217492993794661491236909587600025522598606379468394757281737039871284851586761856731581986759906037128778171493499265414220
264 9733414667306930188384764513762093534268025052778438215924984319523661498952262410769812476457879391364828736560327861690908348963046355597510117693847831726183316667863430793942940
265 48395354601061669198263682666587451237341599902940860936266774974928634684919520829708713472838317321750520758395202513865578301352483520112141424750893171313509422931683152730600320
266 240630773934888259890943460147735460259789327899777703132205142000535273868326686586529065534915836367748706658524707134728414907807136765175979514107839018915684520198393775691684075
267 1196486033130077545395616338958240402125779436166550370302954577088336576850823845074895384677365889115368694067483462978616154227194471378492471424564653195511501207852870744338173130
268 5949397773257861472378689998362673509219118663981378484802273346097747617061909033353215778482470462816809803546370329391922392562508917509059163974811736885705547760228047211627472715
269 29583341167755103594467861238865739474906017085630468462891231311971824117992140995913154707884263990664833916526031532399276109908819632473765350989071909513101620192066266326912759060
270 147105941840614189111375746403689338283104305533488998985916375481890997393948362259284905663421184396736549898303787105049632102341514453340315926380170887549672537507570211878744852005
271 731512785501930606372332230655754070001865784593372681663459349496532892677441423573612434857083306048504011522111118323365635364376093781954763333025221900315360775745788606979675274650
272 3637661448398324986106063765764649791539334377147590705534895850220871760907199311662935781868214367306305293893555172634931902104358785105885553995239198643975008851754738181032734022245
273 18089694023577477940778287970216307752478834359414197960571543839782407602622634911914796402838049918164689054864174204695703145708902861965946675595343852899944133767775904929626948744016
274 89959843245726968434058346756287499791580434431341742724309083388555451589568642392093331572418423202990043081827669836801265754772247843491543592186600450496451820020083810012848094641129
275 447377999213009115673615730071584732659449444605896970337702376613685468520390713135423248604387433865013227919113439313335735757997430646398395856380768882665260694311600156203280667456262
276 2224892126364359389274305366235090509664854573986735463423273784100821896054805209293623123515606480169378371977267461335460736347755575028240189939321355552079801724047275450083571256536325
277 11065005613383921475403569485187641275765672304039159083622603342252552593674423627465730953958356812174690472194663852026265129771204806593972497916972535348804711621015450151931194889908468
278 55030391429822612369558841810545294984019404574692169602924199505088099650358471917711595101258905544118549983909286776703938769407808834302251434984372888097922515736751024505337484351406048
279 273691802904861767787241143647690593430866417707441880609941169685716501281341270840689884964040537793878514073206069577846287050469027757830107098575210727621599644126562799820938581101173032
280 1361222584291748701394958079120935342089666651718195560126933395657863639007248824306683654145759513056133551850273163776441397901303099270193222493512113770326567369062186433685459415468153506
281 6770248520169264935948220607370614699295035148234553962130945609516202437342908615777044924613314574645483331141360929631362445699518348694573176984170766150179145433603471578199238638335986320
282 33673489879887333033911877841013381642852646829508492053056719906125147975344929926346556401972570730905875993608811705505020787935488741230994306166154899327513863582847659698763867163692562149
283 167486436430181455411219254571763439363918970867887263421423232665072671699263148315382000686743181819884032160249201388338674805702417412558233501298146732511654772325870280145018674217123139686
284 833065399014266193643023134065114690948444109122122215737536044560203840252002488927657928327969277826313834197137295753049742709214262868820568114441365112557655759077031089340026019644065184709
285 4143682167339670280004694961585673225554103558687115512545222093934647387486264559907437989710603848914990382891666579623640423179904096308086995484322124379895190077991671082108017995226775930492
286 20611120715045361410435747278031857414598075568602312794566208371672657884117595635277137130432514002875998522838964922167206351771885601954689061454776289512845363682602813218708876115142495144930
287 102523766822331434335485397264538008439190619544118199736610915100052813008319588310126433354901984953130994077944672688874372282887747120512726850356607837398554395828898754622152575317638474201548
288 509982442812924621137973209674030623661768745800509314451226563966005195055137662864260358614387414139751487091633943064116671076922496211594095825037893514843530887460996266837133788027058550553420
289 2536842857122604384071531583879771431266754673434667647635745027818226364936112998977273317796370037894465224137422465354478192722010729089982658030689704983749909665768505449232364868832451075496960
290 12619423789175713853696268829059806836862755630816556793873526765713734132886559205170374022302959928704781468706748643278250779629569371963597145336903625722629906163460344719957678609856211072389105
291 62775914869886990735178120325472588111962912512323859901242280906953404512721174926084327187204415493968022447800622986301632496654343380389978579846760688505465935531537586795660985965962190294572550
292 312287133338260854527543752173474284284099135009814605586458309046788502111407140658964505772479922161359232891031488206120509704433511095940221587442188463375436877510248019978262693722980555338268445
293 1553540557503698184255778380072669904350642200677310008284636607699796288085933775094609626412830018568849653097622735909469448664516661047621173688239608058977740402807066703850614171212999233736349860
294 7728558776580600181358918824005771927370209878697417448709663885374072157526677169402526569901838232007113215147332537608784341382984169915111669992202377685951699155361865170302801400435813491138017990
295 38448712078620686823580392148472792202136314100157740960245195249671693941109631007219802528339080688034406257764584066364678198888584815420872738975045899449721713596938055552412253274961829179814468020
296 191281246959060330367130932513198692794825771943099906023249097766511072106296309858807055750033088142676699895919034746575813040621831183513308648788916711582571361599459241368238746568628382009681993100
297 951634674396735254677966960540865023198433417116449761465943548010586756072030736726238749064141273829459164059323299014977149056720709954383754704125138914486120488861929483617362307615739167760097340480
298 4734513283161403747467057675680577368453151662183460181315126901416947172778864064867056443661313416557698854999772291025790498947516539006099838828341954280146500888097402049059724291995943124954966077497
299 23555243106609291509088474663587563265211097226536567089607289968000327236894235925693850994716538990688628853558800945318131657048894441526495864632689166646125566417860773543126353095588193327022592579918
300 117194428353807448910770654663286529197610500201013642401546330234968395155565490866751421227594879873587180897070490587885774573772545855625841908066171421564459949357300031336568526689983003884511901904329
301 583087075325454285175112489605093562905397998307081126696331451079464642028966844345311120355814240938435666814621964689915045959216540241767216274106549120648907470103348124285105982794579313817928352682300
302 2901128025182496975693008509012127444203226072581499755175379100819517350370755354400030111289089564212961122001487553409106628729701037902295587113000071911173928623943892759406777234484279181291987123693881
303 14434686540353029139280740443270043469473142671461750644404236574283258763794307630128001171918387148664255594779821834093135764573689016939160859381347004801978438673336889954194360713445931090008063684251346
304 71821547463565993330824319418167449306373713314780941196197718747979698869976917106259690665748040297732757191632669288982624691877378015646938852995490244871170645526591061307890320112533816194862099877828789
305 357362561148765011379143803881414900549917338837116663023521219700132345746906969974755485896120824120299132986729048715293611196763876493189012041021340013457261867484125629068586578760468321801978643086252912
306 1778157369750994495242127437571565190079296432247951372123714416867001681891588841405445607590076010923467709214635702939628310156404265247039411360057311358309225421638810222924762936288347414775772391849523215
307 8847857925082337988492820684101383652527602231803047128661893272727132105838900923558092005392000120486700487759899167860756897687772665223415816683621229058591462761515486308902197667894470282110840547072520298
308 44026366735080886015095734230271403501099256703937778835977191432902584563856661099732287865201087340866671295375466488889709093825164523965150620882572198388263304946930514735893399675906037535815767428783913507
309 219075731503745048651450748217079685620229953369049243222268344752655541790511618165698340248906351108257632542505433983752376236932996803045734159624192488289484844436831595860028418247371530185201591414101754508
310 1090140233171025507645390568763217985917914563950824404389478848154912904916770858345771470297526542483119200585823562969487234601394344240884378963570345882844397173126720090045457184378146362266564577978676084104
311 5424717136176098001166600280397975205800056473550807854107864134078005709813343407053280986576473703867736166424699946392565546911755087633189625475136479268927654219556584269226633133516675188618409778138701195560
312 26994694457124406226624577652676571194127843745707562341636888431857116859104836482173863937944646176622856438437008605000564370174416548605525515046879695608716639682550906064721501056351794221600069800868117031926
313 134334103931307935858004288621220971752348626474057204423606475469270944851766321183134186701885122555564743918573394660679967904989808427684521488357141914448898009423081790678345172121766441944836759511520197944560
314 668498836440529009330081042704892837141368136748686635181729991971483320901779732006835722367690682051637063195105274920983828031662818168527254557648104874489896633780344420378585895269503650517542950648309872161075
315 3326760177353436619165893024561972731060032927650818444470463241376371124303063216019011276430251453551585033422473422112524090560201448646264209304431085111454950089634910880928768672568695304030812852527984281162250
316 16555746108173134912283525632050202069654876442780132685538500090003466562655929915595839067640461519918532306829252048295627533024240637095691252510724508581260776784268515909998702691020882265288654044536441329751875
317 82391499301469493808467753764827781564593705400780821044491573197757081357607468625742663868105911949904649148399859321928945739717432029453999030709362143081118209844252305875478064758930541478502673204542250904994500
318 410036388053088497986157266952179199579977535312694510082812307411475462945677780197105188039682922082691583858613032690997956802202732155964005972383323579969647918232076491840695420363153193723824283459043465025149125
319 2040650820623309502883435998331507891195210382787407953823813457064116612758705575624157096729441803352074744906428468274636927499781033834618899633017494343614877495464665135648552105343157804359118950383839587303170250
320 10155966594355454119967856211540137196066332993743430326253922479999661254574052529675355461518720116036845247670677955130178172446222014305452848656482788785636114790153393690385272910595813885370918620671855346409925125
321 50545216035564264070107963787619371655864818382282716557469058190815594693776465142254306265025694790934655917839099510481979797554460427359239676781749466639634365553962433456723900576463719723564876404987734314928360000
322 251562000707028849870486026222231761571727717014740285698976113691636839837860704330911305584724930499646350665755890924297614960412039546849988984860925397069431397608803447713374552326094843892576965184017988729710043625
323 1252034149831665450991912116877127977158196902489592130998279062489841920000817197194272313921367199822781808621271008293217569846247867596379525324128644575106840972405212930093484814386750054098369191683147637349842426550
324 6231511820011408947558144172493141622655049689044287701600574647253620556245376233541943194981320835563418851748394560406700969632407727097974402445299296780219408890600687355839780908622614959199949290637148520785648996325
325 31015354419606326579791717913751787601030491796553014492942954538768542857912068547437744490406094044532162905402997282289784547329838218453521988285092076659961974081092762665653425427221633161726105110479235136483188352100
326 154371140664978722781813979655868566703705540916565931281433625676009034765743066111605966571771893090292241368247400198991789335784297791429804851012543177913362364665390148770205000431942979642406548900260405617760534573750
327 768354220656082021411235225800663612313382103235784031146603244639323996535951732243294081943458899712272920035838881163337938056780803736321989412462164809660111336228738660253272837276435002978950290092050774540480824946900
328 3824395655027221363059691217865503835947974967286952975470242712750058142532717546416087865595455443098743805186269803921212076168510882868399104139119080405387168299499512610550611272317621916340772346354061039566240137019900
329 19035753917549401943136971914992599220995721299815417971511644657974471905054568273141440189477134988592837602395128447824142236729933887821270393253467911241011993608600505740634149348591222909483464721667999149796561221201600
330 94750877977399744668563795365053537681694650114361348534560584518521234142993359960512250202041373449502708388851444004369959591219873608734746410021762074719865316551066115617187076156704918541573898785170112001278891570483425
331 471630913821014869600569172621408509145071832751281280262292729816384789079424887843631904879251819993815597817759713793900182039390714238397857464849309751624718674000049023407247394436716834962690150349772230474089566124294750
332 2347616265513814715883006741782198285859034781149903301488409690386453468756534804875811030816135482216136263628481684545923394270790212882116614869055900577587041542928992160742562744610579454615506621961577202079410869468381825
333 11685781083034902905417522187522767671200089531706794791494917355870070832742232617458472216222261534718255620460317505532312819028286673174108598365282801573082771997362327919419965323697278836916038472100330921846811942832962300
334 58169340282121068730545085207403227034895044567616359606321891654449477909265569216595895597008433944294890441584486507015266994375429664364125092398318849499053337360317553812711470167001423446611579467352527595932793691542815575
335 289558456153036714304491967315003235352441990321680876255641686645881332655607953561451319080600580384050927506764993612051448166437799240174881292727625329953300681013245152052082449565109083472410108645141672366617357429292104350
336 1441398462940229968230718143884662078902171860716650736328672247032575786296937593679870411427311377376172685055451814928473790953077525253158968671075880478939275512511579908510440317219556652710823359337987996538688716990545378375
337 7175257832609658820566718778815381313587959348455619213286794808141988096620310450284334141743875267818550334855371686818784037105105890714291996754387642029912595042534242531414031977646531309067994405456398677726144127378228676400
338 35718777771712235835186796903810804537237478446310285020547968028416781509683483639683922396234921833208861037225861553198564207243150523226297568122344766459268578849246099251557684544366333456687380331064317082693626594141461248875
339 177812077706199198061122363260749143795834900329283422207266981814095293616578339769159505164380965296142899091540460945923944126694853911473773080205405612956565653616942981222052285896938511118688658955322428564685682120376614923250
340 885179769215892036008034467273999515353286409576531513461976427036320876545556004249311361938995950128297842403998029175215134858546758869937156513818028894042061616639702709088634023736259854863160105501186527981052453167943910125375
341 4406636487961164531328431966000978798774995508658498960782528824518228794644168790583606692672090065773550182273453420560832907412725692415984349712375654477090293471372894516618748619290789721332232499353112571569358483737490266097500
342 21937567216590327421734779325015735092877720632932248905912210992624417841514823151817334576899687290331713535093234511916610689363360120600012306533207676249633197177868058262256225081020336504259139229065288145503067627498982572119000
343 109213207641606641722185373740656024763242834008901836240743428321318736119257695574410591316476236017381246485727423377592637867737928920516894173095501883317341036869269425013479017738087044108566684082464887499963469198269301648577000
344 543709960839677916738518328460300678511986144603667315941844788102014713661987617088476804210427919816422801690934425836489459079053918760293404669711229249143488816769763018678315958149028576484105508903801695316184643887461982230436750
345 2706853885069769612006868513312797308754488550728499259435123716973611014518544635605884526488166217128183766898411128509587419554469062440417723907792808362079640719495822291227826384463150525618002310127955594573260268176885678497014000
346 13476207940986353115564817909526785289967307504218002853341505097768281060640720172042004055215611036301747667784680522017478896322443539737804426807572809843559389067941745940825149719381889462864564731901112636195646027242599269249079375
347 67092801974316559437775866898889560201347341761030256895574973111767359781234487259451773310244627237192183676632271887163937652473931658122092031384348174287610282067752388522720734775756992514140726116502509533857468114273939500312067250
348 334033066683357898692229025456185614206882912134925486538188078003772495139645042388922586925755186802395184035319933813636336214907523564434695283150825341693042643874751484958786889996235864868422937964091050442308840848246235272133478575
349 1663061336414631092459063832273702429947573231679943762406791506190022968583474716023799677281303515167478690906476780858882264957417813251099034628033145595275085744937766335909277021822166411133999152752796220653230600953433354980043877300
350 8280037782171834928076020807556839965232738988224979031099117456334214947657236749812799888003034603156366599061923397451727082729365498640918631889888416816404945890237701798247609631600246238143712191675795464195829319374241218577376204400
351 41225087448171166173616093572416928150190972028819453095047423974035426058757534086773019673085200920190475618467966125674987020140153947186533954588838409420688830115901520482995220080533398605368550988572765243125884404596709557698774785000
352 205256083951547132332075706463131508207328562062668814841275852510429369872730716319354289257243855875629403610796543093957359612392392762309702736494067571346835792410723448923712384224254413772653292756360203892081000032580532299930459967850
353 1021964121490033220682722555133227909763893848592690292757405802678578969389611246964311068038905277491526906481289191034006621746094515158062471630177782670940713286317050439076684472134526011339933769371649076176582131972809208220281960801600
354 5088389966290140133281339835850119099399939080240392347713608505914895117738715096028327692917457420263841841619396369008797013912446668732209646366798581909008491809478449957267441514894124994730606761873436121818542949402421696301480876123775
355 25335543516475061123626055978362668496095101724636739269899370055983246222438993803092550960414173017334737059247928137105467379788374197787337808855671247223976550792784682220301973505505252066219631551611228732721976339008718501009006955951450
356 126149384121683977653466954611301531492935491678122005449065789163350451670399118312812283161674507238095649884298142504431705317477573966162098504229943617430308983367047542189793911498969762987118656270950691046486995007460429148679889007025875
357 628123564443138694459989216465965437519588804309506859058629224033025556528879140218442196078299145043275197212571077382460887870734978056943470955934997249436781540619970888790020870538292771139227727053752446817341488937513344651149634000238300
358 3127591711078611126119550026293401623437009466216371023286266084268938337054192502234048804790738626986137404166732158519928139351506486573329821481535605474271948110817946133695099039689610161545227052850955183401068035493087562889883561265510450
359 15573276973111371359021404479846662894096803944208369758029281060904162857349470680661064720311856289040611186659187728965019685100573484872837119311104417297107484736747953217079025267543600427059085480304021823364711450452732992476809708526922300
360 77545200216620995740070741341022088655704086079537359545532583735245438114843926670793249464244833347192760911165351052332236463971602535029609661091817297274747265561511427297626143163029141883917530273713007660736502072739256454401769506923079900
361 386131087460990268274121206692527962063723865955068813687214951858964277207482069616167556577826724808075816029275293683655011773240765794578060455659205004600392459238251270664909866174795748875460004728181172855452649268461122924676407882323616000
362 1922735390422635881709046124906238353472816280701534649753704359958587256142610991280557759512982549269236726138519332403384766935780917710504671715108330064697938995374036658532226355130680007135649051208407353467861297345715098871014038720480119975
363 9574346721749908627257799330474420915377862765959486911791568368832602191429771979485046171661890865634187510897995876916995977718922754764395725667349163544066936069645824007363030129813437660574044387959614993339955806979422462458771993413887971250
364 47676419625941064038331272287288626306381937056494689155559910611103214291113011094052355195109282520067751628518587331867739736196813130995860163187511009894332779556623830105560368631707403851561733296843063623639420674893386094139833421197040540375
365 237412150588813748081624980757733775039335518076960986507713118515900395812280041132054853902088345665438726495534974396388747071970193350920400899775295308078594554704665248690287357476250019474934115017916580203146734631792306296617624899803082410500
366 1182243813608982111073614754107280048868485711153873139924211497637243393696056230994450758298091924481090943195275882526260534693529312394416883598715754068637760935865911405942227894865576612965996612715177002773561580625995253757009999262584241139375
367 5887296814763138919350337833537887335735194487517616986003904361856758214642753589056181029366199691580981926813929416706184857800122359304308841469234782708147948563252951610256744293054017056179921117212676898716002522806820307171872466827629329450750
368 29317677375844928723839316435659739362820162624710279442950597122574248251264365495064950387819931251039657518726118269567033419704333155622567140249761643736451768818838410404528554065270252425222754986131742455321906722635892474512514621832169681187875
369 145998338450672547991183090160698392686418160988706956306977613417699128608597353149017302288082904990673338757886545835199990430902007510557494907074870905173574344984956937839770813633419462147230528117722508054105309146487209787782754156048823513794000
370 727061188787498323884212700370189629809313541658201660649926657602226271370548510446957784152967404542347653611254053812633888215410559481962974415406459650952257130724346583400071015613140406370836825790860196600928666878457848426731125183074445357502625
371 3620751198051785722529716948809432889754027794490919187269505346271822404733689866827601485332413702843299504266449583230019732545769552172942538620438592123397055195827440693244351919361147945750561822487246526610539669604473151462475356551681834676053750
372 18031466563559814964008692089690852440081505431329016696040798599525306999862635268366939019768885136450005800640227352681114458951221315182389805643915696793909695664211658120595586626079611404518824965895895392847795086894175231916246933149437149521266125
373 89798284697554617083106920391844249961034327589212344057897904132032323286363070514448055768896755294614314945942078175471157353607839631241558339680463854431058596662757757914432238254668512219230251658002630795102568098747834166552454847202526275064966260
374 447208066791255527280081378754247783879540725473161381178572319880020499588503681973846900935821024533250103943177938540851696868909714373356794253824111620268975884253501818558837371610959404914793256436767464235592024711029959195429945538150915051246967440
375 2227182420794265554525585231737947826646088578199080600253602818391264473924352990913767129627013214026761472565377366729798396723004414166202321729540245995364801373187142656885834990326203119203026819776877941797358589883789286374190369795321862216996461320
376 11091914176295073790245923915720103072688270334775583592138392622813960310884754592239685824366764958739484931553063359887857340930491308139898527295017097173557827726414841708202721406004481634553932272887888455852887638991148985934971842883981475546062511250
377 55241026026795129219445602468635010100311425592982743856788647265226887673413315996346226757128555650484515960905372913495021635737458696822704899832013570018878149357792143087954593847231222020375185940066190319922682909331832143363841077153673236673591942480
378 275119563534571656750811843095422718686365407254342016141287112875615502581350216482812325267130955911049714876185283249886958852929028898048413684808505247160129480319090962586884844872622062122074664840566912256182012224815449125894667354594461328063663649005
379 1370205445718152637935363742184618058278237831442002110681903769689046043366207363633296921589900608984662468453524069845609790079705634787247034012701038021652471042031316248784783626146440507235403133583486263530412532682107772785728807840870064135377937639670
380 6824241056585635990582841470636485762520416864878220850303581740862834711406498488334511901800040321163792277836417089966808955763407678437364940488778079042677373813803314100906032333388914921028744558418039566484114944422600748764349390593700739382223717067485
381 33988144869132463006902752596766490039411143689488388410964200134441064293872068009240927699323625809933939866357272467287019101018832503711532969674824618952529912309156129462238104957529898257259817009972082552955620563252183817521858097022180165336626622280700
382 169279735011046472635033125848544920629744266333680680202596044358803838354422362279096375063160490631751707325816832529785101001187651984365082416600295862055083322301354329985863039132855033771298612711834732051793602559825781900251217237425552059846274384220440
383 843115096868241111495067587060489511540448017710037975227672686703382282780413117738393738678442750068537184547319140766730500915081896696302310709665246997628424551534773975419033823627082505342531542707240733871054291768684037551776993449191100025425324543084360
384 4199263471236085677610353645765695361274338952611547954140764343828643059735779934906393117447035431169501459114561123835640487091035157950280773057878519367942216933558788489573922335205278386872094996301011679259933845130563304887366133875359887321755969325707590
385 20915281912639664318941769855278798314693719052953936814179043834082010966312506491753864609969840058814120837016102451867717386032939532533618490492160016014272986935858728701651737588789188228797960456601386365338283982701540073174410371700215573670390737466417920
386 104173831894849855975150795680473074273600857304286735227459571161613161953658116311993056084114206338956274144850332441749598789140152690493465329892458343696354700078059363932099288494153875913538144028807652303188261649586035142084388838932522824870525203648312925
387 518869152433329739300043069139516400888674001668734214945555084641036275923662379982785585192530940615720982956175625500302326704012324099776799487515482970833554069088129818797672626391854767459558164456348605468550792842748082859829210377973356286861876073636077230
388 2584409557925580976832047108630970012647212923623890812035970492803028619465966084060184445309046002629736393768186273618090428979048873859573505841166916624096697379291010284270968565448137717100725204378599328442214329224069023164797242594352903081487316090732961225
389 12872683078514787168940491596557722021579167067245954158827130292155279003736510318278241941428401821810743191836579095294945773824651838190262305105692273595538585177920681377675389435877340793755411595757188071470201346187063534390641275980561146435187394666461379700
390 64118159326426233903571071270710612744708105549927813774849876831656226839480653072912259413541746272425554212965441209698742999357282179603897458298404170919998851849461472849694427669557041372753097458745368755620517875006576245583351057284490798290083869519808795350
391 319372284244857682627643974531606301590579671431923179195472518883469217153842019770829325926342924634966407144395783155415394557637931705864387114683110638785896878325521021388630143939417838105649838752174235471716735594592791145265002294130539578387321436363033048500
392 1590807355439373033246944513301908665009628526403424896707407299433137859977473406880477545692620667525027642390726968311888983926549637633720600728134302056948476743312233579391711160977482766979184212502035596312603263072207056514668246312887421849991971969316521896900
393 7923957230687445211652873583332242532314623545184480430160690232595163828928006604449537951145634573532012448251768303848096685735648017972995422700481813058063361447004275057139185329784458783086910467721602732337323907199757420894142582201270821611225233495568431139200
394 39470333937344178976129472986762031467112129144911675947863252638511486141101500053072252392852256885601491277674602158351133590655601155072117073274175886023488409026989605420010436227229950646068303321545678165161549836798474965891002521419223083889021431861397369225925
395 196609094684233402346265073237299091348103990625422619851114053231251133912900345166767291966547883450458337050882747099119448980040098922728821454114573412976778819619585006143424052726682765000662030033470586101040574746383243046830638445494380415387075594224312295608150
396 979355823613636350011231430108887515002944613669664890055060843843947329704042501661822095349629981369439615092382522272735467350312667939422059262838199272653951670814553416038729583911602450301364013543366466589281477976152359682887233599884617401274152966031294816345125
397 4878445980652200394587526010112684028683620077765486801161610602326828237198209550335632167940888371065915960389560607890399409764681311478546239137772623059482799981112149405733692266693566144999793418012191928686734674588618287697515270774991561035422272774390353728413100
398 24301134759096576346738620499329243618028583393375540194249899392980886643073100207267990932976390824158115490375854219193679215108919827060871274572334118437459763243406851299624457560150981152010348499948580946907958929185138628551916084049378675846836118589577492882847555
399 121053025993500555363447360117096254264340434189087591292863518385355385297927950790456425146320515107134506055603592236719274745297517487644970164387274532331233556593945298121410819004251577104968039754467086151838772497647927697102641951170782450593917192786452907191287670
400 603015907955146622829278316304150079639660421382858489622441717025977479197153138980174747484460833594083462802720758127659762060539939660063439082272703762373192708656601358526443510967697570898116273612136627410826952321968543406307352559623632376348332698387656533116823635
401 3003902908534820243434089717209315134279233633403059027055143384104529036838728909475672680555607270005906133905505240193564444895387171689224870207152358436990668068426381573752816714097639549354184882006013741040688110591323952684780928769043894130935723115770978561125166000
402 14963975783358821640039853737349783042567701392456702592755654382924492896234077089428124647204851700177477978589982447746051155175711848570331370668058998786730307659467241015725105355028794749825479778742659361296354364245021586616423536302210210146656708708142986938702153015
403 74543892284413006670912721596400417350670216076965247201306953760983307099341431436242845441896869926331335506698293655348566637413289736734107120778330995771820671870990633188854383991211886049063169094862035357970103650886864861496642254555818288896297714519773957573028639290
404 371347990797815730672262063868118616496555644617849430060037765038734464216652388026796678580019114894979825671363219619333227666664097221489741168527442366618304542964169821514162118945198807484045201109143087769479568369150775651027479075655062144170356243944373912810436342235
405 1849924551174151201611227352451427101866945000294742623399513294906953262465486212158141377998590524232979874081941914812372380586222605613687856377718080792033777471600670575715849013789899124938061764138496181581430000088149246272658347771131039541261591762978173457057545210380
406 9215753701320280343092782018648033307096256111395641904326493170366199137871654186071179238165329026009799178818496680975276628580890481481937835794371700152348622789900064495119342930765972668182730605664794031861377263844744542888228088112181678541966729302296250670035491073600
407 45910454169611869207386080724658008524369858687068305216945460367995721044131728225809364410660540452435286767253383423139123573468602069694175856615430263548493561480620659551663027323594111585242117656333768104434461522615019257202545153694000592293625914189969634931764095946520
408 228715810016973966142264281441132179226674961946328146390646941438242247729966390294079158159016503771149730937544878663513791009926651591244310634652144925676962722561242913271900763620630782602240514585343434880332276035779637746914741030512073619921381834568673843560209090820030
409 1139422083463409549241586736080361657409536093278362503872574172058527271528222880096346250287837194451908691800290774188795516416932513603372611051767802528843325167458130418423645572915021363854603484410644121104882763207082418952674827730239440596978601251754290215987927084478320
410 5676451199991093672464252723750127481753406522791147597989243925539209821752250390851011999178709359543085080537643119412096076777832322131611565229016598268130721770950252094349763364269485080211401553755749496389664325085104442262002283413406941409158772202868838852240265760207035
411 28279582690949462675177560157698822517828383001716473401170506099236832666263529060877803498622394293405582411713293224822376554596525795671350670322484518425012051950386424238590052555572585684247218098385976252235037163753279804629300523623681883260264477311873019924357584545362650
412 140887634578370978090407385623133200952148459058920262892733263398682737388167514548578878523332983621414687568756795742116581010231255431116264938035030826921369536921220941273907211138653392376746237841305220558257702369227404933651315813372674594621279587681111191530965843168405915
413 701902087171726991412204016279961539225287749246021884336675683719736936472873890132812014892263987607667379058775996110035261175611154884918650360736881492932312097407175117234828536343234419788018579729718657107484317068788045211249688702634712753813404116891265329668861007519988100
414 3496905909145030784352433522876576306628896927102991274898175781344218585771999230527774290663051577020701170795399400559291073547709048208851369749455542297478351457026686502187990029623090020378806697775682386660991411009811340788314278440764809534408103767840097054182647485807750550
415 17421883248954002031663830563051154180846359309155161689572366568927316340547143997097355084178842492978378821635453011947590081537114302994613468966022431597321478421833195856106785202241725241297003446465116161451607162400766139717183731199179771240647689141652141177592878772643820900
416 86798050751800193217364045278602882275403839332845386667139615175875493338655066134410775829935020062081527495770887674487772251558672043333208242271873159557716970324975962294825870844402620276063029534309784924738811689873807942216780629437835944087237445425332048327878909756028741500
417 432442678622436423567000978260835278940028453019719946415923184177469531022296883422841849910711050730540449615135057378621137360793245254918823423081303296723936732349503385129901263072331692605935734079461800503980478530186223216479953285805970978307844651338380331048632691510281145600
418 2154521395082053204685913682255870100052514580550980916021445185010729407971097366116682253120007234010500010717113191268905944539333117623076280130394066509468819025756838615498384521238613463817109372061101590127798720570773980779679287753573882840614661369357749614644957239556306898175
419 10734374474019952854631699484980553179994623974303912362334781812121997668995172225954123743613591886166685875217632534004747527769002799967681239109709684934304191410492111461847779062740745024913043583419144572997506080989251522631003305937086885712440013756069064008346593864624397095450
420 53481837910309983942576619284226161199961919637168730976515651353090725967790232454082723128536222935154049941010919086507603501699526267469850575753486298280367750679504642521656953612275598902523798242979553014340088426382088742619467847562338135379237394950602902427684155859769620763475
421 266464611003057606864256944170171607700843379924802411341628444378600252374389916781914977732522523484527912675613081086555684066684577378851702177368753358847645991880656299865260338797645974517890626658684179022411305208492593207068081103008200758293058051249968698215246391311523380185500
422 1327627901055421185664893068628115976789481811798829601981111815052940168896905713130623194680354047392848909614171015196564710080318500243652976637131911408555959052074975482478911485693452329813833789266187953407426135329427986093634198332619582635178907029495029743215078660440691963594650
423 6614801291669312946961825189048453193535547156557399543341914338204439928987835784598037619693308740773547508336330143170774068404894481342712808472411164294162112080987792226676851912773215611239108845472204241158385190787235552391317083837771334917065993994338623859648507345053512410462860
424 32957997542513429594207118244942228061852857569092047775560440473096333898757966324478970191776019897090329346087321962723418615349082882692398549045304542275502508192136059524960086510440582400498055297043642442230559625835782337687677153870617776110227033641622224753935131296732648251852340
425 164213326046107982551837374588186753370569842381340062095094923941854845914366333032514431353099152751058175552597438910038991395540558430367152447100161155336677667808120306794206446557978133434485915882206901855553730141673578345884145837542858756284912381241199537161732373446430412699075520
426 818200098678439173558051566213269179775244217069639205105748616776975276326124156014417754453062810165967808742573835439909498250511763432393253456318511753763395601703795330670267654132115475042454665499114033268892456269238970521547942502107838706592325533113267629747912158351464922764368375
427 4076751037814245763458012904079966683320431808667412444849392473348071118160004978554436283288315729985310504850065289730632134951379680233202919021598264671924190550305576916382537628537226743333952551580109034080958698543044284069247342559479795702429185627842056839555476439160481179306040530
428 20312920549034908455690700094286895174378956069085158116867517900163854399765056619991079919207004522169515641773664864248124310581670475567314527360761861273517760604156107404490889377846052686234115400495540537853204724704260461126817496396391217709527741615898591122804398734744360476784674855
429 101212476044368922292842825431092530584936542830106830833197326802922798072650726618317358265963692868255252720366811413955932674388690790792448990093828744823773342939886548030889905543475035833968640081818410581593450235839579836672080149864596203785032745036193288249599175461194286172355890820
430 504311896631145723608634060221697557715506590709437601412392625091896101329414740556741266469899060531855144381806806840782445876289071149282946815380428670119931744548881745091656412485771675220181943314046907230655280211667341947005390671396816121650384904217538583702418218580829737775107013935
431 2512857406125871801752128772058490742174021947790480111617493878489867073559856481815285248248198320521385239677636233263491552448161304736347275593177352007339156244407441484733068236490670836893591667824165702461192818323240381599427877488256805340281879320193828766159127740590713844422342917950
432 12521026327987128914636094242610542167047946492115727111352435300163000002885680659120234097367133025918062601114811981857010860315022814067692058352025573927718512467270506797897188804374146107290026294580667398978445191582955452555800271570672440740940244372837763608346973953702108472907342362115
433 62390066532894628295087528538819370347564351617496809644500157174044872242759044487769097676098397732632456439840289070709674689604037268181964666019843516927632078934396763560218509917125305116686417463792442481198624590905685867559276526736107301750192459022313250059246287007909329929672361622160
434 310881149642699381888063128109238914620773015524561922165141011654028775685314345182061680451812535025564919533851442674255351348864833753372130815547718871139362941801168613111505533971174887371808519191216165838489691376283643051374542359735855283701993671131972131999449784214450817417090945051665
435 1549090300624472873266282161342033867849885788130086590709350565008676137933008843061545926401398658239288128865736226860362268375910075069317893499361988242234245408586161526853989167386537774758058368909990008319425749676509060985534045592869199764739209595426831758615719509021346036970204665357270
436 7719025390079983019954804833036179495216175549221394626470088212650276249153524032444891745635236356309555595826780409641656330908502759487089974076663044826004064168840826115563071608819174712418208991555858180055312855480027891001026878211024554760532528232776026127288207997798051630534188636660925
437 38463746008137112586283648775252187939325953488667357199918796993251226470225173986798831011266461832691140519894690950444173323186181974843149737140896660791171627724506485022009187723049882049128832010454408070510142833758660622392766425069513788135384667395658656097384763129121503632718332537515380
438 191665543742028193555830307699493949812273991852409759816012592599144604843298876693378119544423351556630334314865808650328669741225264590486744200968918190815949341547052753459236726792879070913649814648128174541662079093378858401904002916812715553985791379482946866270277899151955864201091102301375800
439 955080232279370811993905975802590521195304829961222587193753914536682493870864919366613248450583762991257383548631489492597251843712885852684473688819396709263464496812035868995650865370122871173026666073130379604555599066391086992952265869054244015898084289751979016972712137546088006012466655767143000
440 4759255227006572136524259175916175026545372480650294077987283808731818414170508196494470974942018867747413177698574693155676119548957285725011629539310859867298513264872330274326367658596888796185169324221781254522083193396809897227255276313542890062495228730411012099653058544709519154025490919846882250
441 23716000350967294532428395591387651683745220053894759866005977859545747402657826132360511067252162381072647930490280031122695471007962389170996362218635683474509237776005728596922103239771434410653948571967711019229735082743448602486290962706195122512803990128020860339969710867462899049206248576276010000
442 118180874451071743916757818043332842828941438335449571119183633487359069420983155999282373738098048001340892205297718967947256256676609214172062890724973264295761387098130330499233883094079883862493792633854706945772033563897708774426824376395588584853231805841627545545722146614920098035107755695164702125
443 588919905602797356770895709061169482945787858973767761171316974455700072257196868556437008403479376961636408633615095237806285290190819918026511545836881713738579312311926321670920039293842119903730774165096620609347738788641788485864397252316758805874861319547188108117009433950097420076090603383058765750
444 2934732607433463968578993698859905242577480799187745469606360393470682469326240513789376261572979717414191214206478002619194835702293449005117848386317796387653825912925346391364233229079438247536565979096741877804993280958851455912003289638137012121771006789458060138684683657432331977796835659829912876125
445 14624603336327936951005060758627930035146647101116693582710364332617848165728211753158244737197746493300653746245890144393480272171680373778184823256587464292444535865652814693041096792279791894311242059453506338290171529644756770801978938075543639385444993381516633994851236412646225592720647245055669341500
446 72879081989163635324198976539237667756164114007974463666375654990519696719975813191928641471694592708083215798135421792633809440123449219410534568404714591942844947136306952748568527846270467426115238046670802594702842561938164385366010433373916463658796152796752814190994127851105488297799153092518661098125
447 363182502583195189387773518632962504168518394163364327436989361174491577705538849608960147339819089868336614798739918807792372165315654291466104207335172716192436948026233632390299522028236911940618169107665847864852853893585497478637010640127245931759203739889428794305906525376033097459404013876106446002250
448 1809881544445539347283228980526212920251684023909367333537406724881509617423318930037765495421595842586865137312577414331853804299659024842778006855959810990114771256010978280305804387634474020386369173068625259311067914721705353788719751495446269361873507421660497354600162559244781173966916923965520923719225
449 9019419423838739170698760035408328306810756646321496469599823623095367785893608617743861547820693752647081773012331643513335916408696919759217723223089607873438202385188945529903465223070207000209587200572790053755788321595299498707568204671277644287877622557081282021200666133400288350088523396565411522558400
450 44947981922676235881457387709899343599108488410861793936535699610073175734886347332332487299714010781492356065162295455065776043825239512125234925207015893754670606602135882393098259231615872840851204911651199496093915284698415461203594455629926701317262424166185938922528596913783226655715576145669605598317075
451 223998433303903957615954371082979605966754883192010950241606200708370388940987283350329084491517972981196934756532544894516187954369749885134882994289136545840659637953710469314985431814477550347387757070695611809746695893505146721267626058084942762210965655571364875816750915179735130985229429556016154509891250
452 1116305125887952447343132218704599713603236126866696530392241551600274806388525508386345180870718133680934006334229105260652016830500095227525342006196190890465915225438913179742588485721693932793051191908164196281953073387201358119299393398185675301294249356155545755219588290067628412376385422080815020249427175
453 5563191351369802570555821465753138974985720269613233434972303068437960255704685728680581157389455764478223270258014725199592467433455303688467475755486933657797866054791191944458067233628439718710061238342066368266293488671775574716613089614881890092498370267728823744866805487191322850281658409394846864861676300
454 27724786132803614051387453721767673869456181768772269106585479479114220246179141171355305430452692843313002653012368183748131832546500226834522327929933625635081928184164361808518787781071922801600560685087666470260260918722996720534429229041850452824802374752421518346106959383140823515523258954168188058952350450
455 138170562268946122006484324819296749779508433819934566406522220376907436342208615448028356160294118659632634696693414710415135035345972411003748674183551407523237440651082889482349511622714032647689093805260026314651971805644269579388438739389801476769758523778869068430065090833484779224371260767336374533426651100
456 688598298398526076476529940562972778821911070646747466471104334070691035154836294942676712082916901495764196683025638742654419138144172726580276947150640513673048094984019670953558004471842260172835178710612725837562935142222874416680593510361241863615264307243915339654482323206258900357741138075340393692385524500
457 3431780104044530566364698377823579903578461190911236172629556006444703954561616688629842772790733628290275822718295127768301017248044959896381774751427993780865291392822846777070407753596475357375066230616577717774822233879186618395392889734980704617226650305013457755721537143512121221178626309836750658787682894400
458 17103147145408532638678519325264407165909972629125566815091076009231303944361199720745443778828239732697532406419053694277104962990503520224194210982537360930045807465903715416909133124885210229690241781946582431896859733612048507905091677189819651246360931909338468994206873051334571052198195545100961758983469684475
459 85238475195436243124529312922994825479068100949431855026730552927061232244440920293146373337745386601838336310928865773058438042021636640232559182779913658687040835410577422460213994538524852522232277812816230669437190029385192698651267003585495480484325392439234205783771570172413995130866047411824085728315006940650
460 424813548177810411308601577872422587473573814729818659250085752068444451930988485975411376551253989205308433502173215652376426692006834781922920395529041346792464451197988064268239585114119275046843583708661758500382268906590454455042663298679183602707865105924052806334940812548938782120716344526825039620435068754075
461 2117210694670127258988414281170381771664905174047204271573354340776751914598791938299306526237689175758184903650740929117386363237033296489386169741944155627410406970927842408053940314676108873131639550412648527417058468832499931164584393830470320946664690709586776986074786616140980526923176843800926050873099144340500
462 10551952312170807243878989283285200503504339032326630215043876748840044777783743472108230846813398460005230140235894828197577885718737300173805180171195416115938817159140285044597605252297528083771682060773076726699149968465366359502861338495831618006722490166757092921478645263483260498311384977519132884016218198289925
463 52590169201863262228655358656845287491213881405545438697342483217007480353519692092468653205053716397233954309438193929346249697063224070735962984715729398279820605282882157920675661760111542367983909278026681007314372602927742119768459460194410357969845230027032753946496844842460394882253870070656871005610619883460250
464 262107417267667626125714984135397238239397987914925880613856510778299191955344225245782468160426055493461148016689195243696299317089986615837784463242613227685245191218622178814759802332716157944590873899895768507675465139785994157521563360288615321267472654861517109263057249879388366640728658238958999331119526708777125
465 1306342438631408452399194132621560541150043309324201547261931979584641891240776190169280015629107909616158196925459612358437378518669283021575027675851447232058963061252803876503449411605498421461824222574566168405089512252398754132685338767905431330240476761536209961901573699391139794679221631767780866278661520670602000
466 6510850596411678158371878034217147916681635206701472233700216645474260263585306710996221297739639162467264823651413481909257964287468963752070703654249358446496350338473157806900740178856509984668859900827058389143032008903627364421788230110908401508665904489006503967252768443513583493169059560317462389002489091741785625
467 32450499056261688475914979392868650491542332357614929582915827199381174906932886169803695243747059828341934557780927324221661736638830312386766285827821409984080001346574489097867380954419835521059491739170262337097889723050381569482865850679296876899627160595535697835249615747972194334474949930569799885950692539227211750
468 161736475384908427416636217346294287562862072194814965898024387582478230373040462786684801263968249690287811696116425489243081834823981057018048768480695686550446045096927338303114525041148708628714419526349498177042734066093852660576869176530016499296496426267830277198476374457804725827679016250223344048513021759462347125
469 806115924298675940926592794394103181670055708152002418689086636880909953745479868289981836653295830113809748519713987543746324550138607286096689623200514503505972757692016602579677803522789424652930371828673560519003181456496677570693785363231850336557293980315252915922189893334365521116963491431601421627700009350011408500
470 4017815088446748633515988514319753884216255162408481181335428504416539401413243733423896634984744931795275175000978540796163127691014540567322151229971882967454566988746562971651205074161393645721593199001415207618950417057116133634060959199000803533710328805787115315231726722230286307691481030399794626687002949772033333000
471 20025588930323818236557041757430599176148783175464270840524723364932872954775467037096412289188365438566847012049593018037645603973997739555426899053036900877713303693471202359765699650173038486359984416738844948745611626614471184168863921423118200697474180602883858283870435235708629384679168190443487794135391384133018715000
472 99812180491350483879420896920681385945359859299237451586020348909245194038930403117165851656372992621194640790819443241499192324000312459930622351182404691821931517436954895412150588265707775077339945433291624827217854624595666877967501028755330887834942417511682172270416911487730012575688589592297902056456325762435240548250
473 497490362398905647959340016768857388941624733485200821637241648358093171463910304522905716277821474575392147816727982009989826282435852861781803806694851575287214223976861034546366226693317891726860312906139048039195814372932717279120036187734951840261073851960176854819404432268888145486407148559509690054022585684581275224400
474 2479640212043458460526035466543472082658036701261063618314391963803477389079303115003734975017565644944197705406585676130223348802335196339201148183271613612390265584478769092479212595239502272263476384119091541534362600694802752136995214091857967947975536305935681175252416635345671686946419057978470404942245162560307093266725
475 12359347059516556597013813151799233216694152180249766805625827286926673642600652060560797663391944013164757178953369544234990755001548085811367147396394905749059133694075194104466520628900398267735910684366049618804498135325256615967758656133248006648525910195751252343514921632362501880522479821984541897576871207481952656304550
476 61603477846655483574409061188179528703375584204691380057979599157482346816267293286262310988829834239202634231620274116859341231462820118596136245456594139497964753023945486929814555700524458183175344801050853544485095522867920291677193009557514873825903643667885309356771471743624382467194182592017718463380311542675571035973125
477 307056127876428673226027843348667076534410897681770630414519332257820465934508568298507052276708526236239005352631758494628505368239966523528551667422600672397481218824687498516182178876961329561485326472068874545542553976738311103690908563278902098826645479543037646695250933510448151779164595291954361754128992389338113771088700
478 1530499279483423943852294074120327723964961655734323425477119539218642020315972840526168938215302424188892784366877153027162346167424274698219917355746718001992736149920989607045543916577259897533009509123427399787285681171609875943321358373115807366541458661854470793336812941957190913963840878937094080367053217622083089092436200
479 7628713427846241312083495786805795842820046866996085937668967079670452834970225957036810250855335787346579639030804424719459306213714811712964649061567890291737631805739974574372330870795475310088063769110794823507669553374493988000039225659549916055646786050412930482983425852890907996593873048148672990983151816714118178308125800
480 38025266960542775052164166675528217376988536665173684857897714979255729625932503298618010376791321635784693138003452405743332842449459907952257499629682211154045064063432148428501083839483446320497424291167904569582098909967673468230283216442398390321114787453052942628610443000518452726849119234691110293963561046923146149644460150
481 189537885060860379481993947257921849929182565042057303906123131533102937479603658435016145677181189725535262814891638508912042005523818390951766567367146809493692172398765844606381083310054564762163744871000329925033929541835116135111321604375186421696339173768150863141977675546251324959428799239198431855376336098235957027195928000
482 944762322409979991181886247610639418983496420020883721693038638578386818043724510960312155644603022455929240988410681127499355827867989121435981965995128986903798485020878677736600204946203182042886418494841892353955315147353958529919376542153468175276916633458083831824175965643733882565738081256266683749854167340588369892627158725
483 4709251282020970141226268501843472795931900243524177247367949892112252934712053447304605579589246649218944088026096165902588670147782531338000118108632242896039215829765782383782547289350082972213710460645155649610507001047112138449029314855853432947703638757473894318221595728099276953028209284086463997456494005173703846020863833150
484 23473827984141437410388792964040136860060483757342639420096384949606079333415307203189202232171388639000616514287732095670661618425316305648395289704806541686625036300564583656104734311638271687165712082106493522494682759409615709325189072457466229436225254837821364768413480430464002986322120069751343747172873201688099977259264624225
485 117008850545861813273025668770322983356969909158324876329256616359007190616041107974136271814504958825972784919180195821574489761526657265600816142345838437227614833538156584794841530709560671120691576440662842499708833365440538444630780065199844620959705228936598646634373851064112327446966190811628210610788445493427036418279453429300
486 583252003414423409821770862963869453110142946088072928020374385498808167188839636765921067779569670050355036558913364538218447136176819156396658220686478946491704078846458228661029849158951295909439212092205814551081870546598335080068820348154629988423311392276708419970149906310957257119905826123472606760255082553684550042415087355750
487 2907344430253164250779725863768354629511511571025081555758271291243683937137592315311565217976586849146649553126379028114580033420343742739197499520096365330393214269069516917539902317011392843682247927784753696758913131272165099842129930807424023279003458925675574547951815571513203693565317300427137269004207983248731027740637257591700
488 14492370890754234226556933496478349757992509369723132045814110380663484098518212391065269224221793939295720871653292606640393468468216777444137855143809036507701882808369501044481830096714576584832790203028259591806319754116769315866774966400838434894425217176524458482055880513999415905531148097057057376747357435514320556710967577812500
489 72241223467379953398905945310254915432587273059463208813044519053829694814017821804594310240281918309869181663876249015932566680137679480028543371413968821017278445204145276693741105623252504042539734012591900043261116631767051598943974497682442563781325467706027191407895883841425105150770379160059168062312483025838919807440041457472000
490 360108549094006127974128080194225767870466275895936592125855003880466097715250180154947519239590553139560289659825982508663988018165387075525565886052891064256541564880059907305328615679477872769259697171553047465479160006436811359300206362618352017635282450831252445801806022206885174929848137801288893514581146443799184657643098534704125
491 1795082640056491759056615159582773353073715534838924427002425529575459623524005922933548018626690214059520127666008430761669780568933630495463924020863820567755034504286023725966635992736623541508321420817397666769183918373771933402154581077384389968902445224077860342758457865361123445974546104880995650242530658516171896713265228270703750
492 8948250372969193915993472923178835966634250456584389204743484220691342017564388531552272730865976533752683855609593636860444804661491028241254104266291958438893684748901175587598030352703052051107438748462441418362565569424214131588780309916205392693413420887313473743546688167630564415962971933030327630654214077748696662848595560106162125
493 44606121375162451935288310220079136934342419399285057626403391425214671541428361482063288373422101262760990635124766449448191991389097374513273824850339041679530031610156746784090236204793355733205043458993614905539192705532489003569453019295376835373727205261885175762466033623963816644395528055767091374029470253987437483120305303120379500
494 222358348621719442333354061693231843678046937799207197772173137612238767653355971358100607035945539953939727806196657501060210618479026326280721866604299487502176394259281475356201715857873573187884565712304970283167419363226870474771137220019073535246582231113304296123474695226099595963019686252666754902784487820703593128267840733454606125
495 1108447303694001223744056441193015949567212333276408894903012189484105360721227202759363714319064403013345244937328021487265951543945433919780111946240045529931656559727681985381577991276317798329346948730691881624325220599005515513341908020052741259977323281918111846910559095094978579133050430911526001813852657555256784289287410698186000250
496 5525597990461344221971729660772052230250477348995282033780656458911913497120496220313620931212451133700225685458832819568725761701424146418501863542433794428915814809170840376537561173025278518471625094008186898596406682323497018992967773470538004756912241610632322936169188079410387014854074807316962423773798032890050361808728042412836285625
497 27545212733034063839232697766740210290859340753862169790971112849433060269662204299866344302044634460023609427088278187453162501821783693778318625595753996133321364815579379371557056117052591669028041451157650559679566528964769330448884712091960413959188095573457525758787114649456171264599544791027053242414923059108029980807102651555374006000
498 137314240181072523403794344748699212012239485150850112334635297125869763297359580873933302994361243792911997889679599530312795721461656226115996163232220421501224868807004432884159179103825604100406530358011878450910627039711246897624267384401697940257677220677113181829093288481731407176257230776200139102708929541554281709377045432440934828715
499 684522324736921078938329796479953334525314656320344850110807829892618718344563912404429726243471506277656662121773438346138879852209509689074019865025751534993563278013179594561637322874717415873512781875902158938956057303288176431624056547364363994304432641652354769412625689789797092050444154773207587227569246133643739647624928067644326520210
500 3412418093264113278856703764586046951652362284901606070890557204899424516975664058068493098220637846316034195247894938937250121696929374434102455789004385277836413187479611855000942733654995152883605608884238017030851043065200068542120445810973354528971245161624592454144959339694534431839485483703978589597772037376302032862621602264372659202255
501 17011375302998669475044619184361596804287270114862453793985341957734331729479300957642188167546054423607248923962445313997668518397861697054885108529466326110538788159536550859445622673963295361109999826091528740564529295874237153502005358001647221848689605412487053610427239769951718853508441816842222764473926300190029909253155368532569116197500
502 84804554404106822777329433955768819959879819530741751002883436389784109062157112200886626336300936728440108684784577626350815448714436696773013766660393885905087740009034017465013215943257349196606582153586929697732349455773461472974796574831194742914125927781103744652321413592828338735137706533836385769754423357378386913920164442956499921186320
503 422767386691859617899282856483264087573437751080899105254519318249676658942349511994479585447760786815934887070650726934272214254747006229139230265910226115636702103268213862898203544427433102824017408373787345700130596774538033557800190123371501675049391710726180731044760660192650301576322888089405827574723050225651451294008620706565326125584920
504 2107590918349626354632167869998667064711150342478295923752431829410576199857361985370305300353470319703891841267098238594345124171774118009356499258836566123582758034088748342901436692187545576371906275901647615241994578477039153952241076739756944164337540779666828572951964036269824684309987434308762323988791199819893002898469349843962713642965030
505 10506878010385039609966463084408735893966621948496490946971745508655562441144163642810192828557230520492071628283714573123921513509494721659042303988369466653845707611731622171750279954672046332897995394918390748520519195021842592438447796887339989292807494115927211320169723775735091936408011378099509533627724051081285740247644157202482630260528240
506 52379769345568785133477010095693517827775340898426752959497773084641852481239050366292586370150153716388248864746072612832332052120518100359290829199281750302662041756270989300234049698064653426084708902970098310663193398767538850720273835147297671996594316643496305480444204374470029908470373775682158231454553640984805367484594868727790309398648175
507 261129528078236979442387461661173547544009148314905261246170506905035596998415877366702799672860125271488930591549142363669143434418435874692051291630601933317620431394925816074498087861335609618081736442577522285211203051375227679373287704189090241125310626747284507648273806483313648422338835652691122372534283704028959796674331142089937447063576210
508 1301819842102026218861067594763224087610589691474674438510731351639915444407886791527277064303267653345947890722676913961720987462726450466464555627631120784910542349503104076795117599098827104418994570988022331096150308588025022710316475648922305486150972368170502542711769515472604851876458949148857180115031173741408389039667588344027562861620223615
509 6490053552280114542920451557977948826503818349437275452146262124292589946265855335391279074628134299609743004500660328054968996492950180984287361175922365149401002916862166329056419443632565408746672761282866612999698349979151743296231837254442679283428975795974900171416294088915775582536540222329980510615861448769378908944953980310697175952124447060
510 32355502956539171125109808453487789867842869220760779456614010332822129823610481670976235318475580238195946310832792138492117822991989001037426812933268163851944893307459041582526185133851075714893713099218990588523201974213351265226454197966640874327252340594662649264331799329486769510920701756165986675617461311210746548929395452058968111480063880030
511 161305992429893728553423120592567326167552286021878792799577212655575341860548623031480125013448650387813002132567383626894246662731461723220011591926828827507874418159061814590826525910913087367824278515668704250228024320984318932650332161847849176564161121944395587486838676814849038318995903954113958730486515510868415888716450858353176761602240615700
512 804183780630938971209614914824375439768470015206657816609946111916670686595813248132144678193813848245822854471226530416065424001674174726457134167051505185364289440464742573259648551002739006912659198698278708981396173270404515369062127577427766500714155010786300124027750764273634710360513378026255870401505757865971724050660424822097567091285080593820
513 4009244759630880004286176856592342518846100330435206447977520688898937509806216978528252393026228929329135885128188402415577397579150083489394948676727107954495606544216489289855623090316311926404338093012037418609358550343647606414665913541160082837422121618373151382374205991717354397523282277840607702799602625932355196991911768225436961283079603302400
514 19988134981914163757056862485908131085160126400495689799739220822520580103274118979972073119460140209823459727497582009062869816054232307278994175285177673544114433343581439521025403468719115950581011966516697383585383048649264221920563615629303140211960093786788045474437280005153678584689776242253681856385245758898976721134272795140105576842646429854675
515 99651630823682625364578266051388342698772790636083264125331606221290778701548101368300001427013110842406273747492293063624287941179665699804532391987296486372812155983502033810610148150316639391236963740727320936196860029289139196761165865419011900328990527636595169406163897782141524861542343146389018842217849574555522110762815412855768195396990728849650
516 496819886519453165007050789322531012895294679637665748142643973274250939501352112859682531570919957861735879162155820393787272189605352916000735708411233443660547004166891733653451163472482600644175085894200498252102758372950399320575677657746994538057958567027443717919639965171578703459731146961271560580412201500348834012012184318064097709601448495398375
517 2476942625061810953065902172926091966555549284754300698354204651114178617134643469525234747249118542084557085754321297884061338925107897364236071123765074652819749084145877055178321254252597969243891424246543271111512877075535615902152667924793587002371038042261140013976989292640055803205078511958437184441749473761235732116257698370674562435738410626833100
518 12349100581542603596884660121570923992514934303053483757230107048197047790860586660397288013106044886094041449112598770435891158219904721898520274679083966990499007459619350181391394848402937124934558977716062680261237192877376161060465385096488771528649385768693903062584825181469625859612654559419492217616223855447040870956261803646673142474378899869647050
519 61568291916372048584921130804018740727409922299169992625740457437430724010047825143057480425366253412546513113171166317764910787646776552019767814788326669531105339408360687954708593080297820781346480654531461000824831454378581113671292597633939736249997352204508340546686043569553140298371222271289354747123979375901454155966399381503811359693083322135634700
520 306959634799012398008757664705294300085020717362951576869422801490391091313310435949976101296126773225079185256686313021886327905492419184602822934571682737709025474365066607837493611053665436674928213436792297479265193153130902696388172530738689626950948519046871310072817048344964159995532709141628401291956023828721435644034360077680867022408944548519383100
521 1530410059852753056914899307271546778178742378593334198077983765817727493562060737177619209521431537674338166478907197861126340360941613633116066135241923138203986429087602854944949837730879147574823920458848520798249595701470335245521039621610775710339842873029813835152001483355375242681444206223768326596284982102841692143757041473157225289630311837088208000
522 7630214077964454322583374751167239220540297895347939458628859769491588179900554740736023954488366333638626261335531211459709668279103919523508239544538310484100618779365651554537150926615250894630609111222181965929906945514045555482010385974632457763173994591522929777468699399923643819240039159500122238483997043858284627805978709122459133197400854169859711275
523 38042407563031234552434205473070943945900175936258260524536868814124103046307412505441121445945485914503833052657248752011453695137531032074537869942737553990878262783039556023291176813941076164417993152226002430193390133971497134117296669218697483729180605765523655028813305437936468666926577962826149826973813585045249551125665718131859139685434170493225136970
524 189671297890800228203944466168666743576569241881801151864163560141498655352295658347096460632845194234091736283781618726770042061901023836939120201105216073363363570890699903991956829332584492784649880431273344919474234120797829028421112295191710067644406341578191078474351926172932042687294177150235515587950093109858667736953638249667315997683016103503155964555
525 945665575667134722161503081280649845894447987357442088193229171187150294056157585354853335601925047178000970252040713482778650324007852318109241477682748013738792959236274809407024930682285609378930573980402869650258734199408676204221169765554086428003574051990722166361133179996121322152522955937161579622224098808581042413341978545339554897057429051732471755540
526 4714936816130306175064569146158232854664209325352910089381289399797370749737690756278522641086839340630534614359666599754251881258108662426137882808614424831319616236871200847721297871250738985223992098372418944696527766291777820340183205673612150555134365945129034891822344533332652031559940728973416320035756250316995635845642425771841044829829545796793541737125
527 23508044208952989119714627452081129954121342117489132199788237473854520046274546605956946429263952442301747821483139925014708611135339948126974019596718937330795214070291671640341277861043422694477358885096821382598885484449143638686332165352337914628010449727544690367216473122765409704733007406019543802188884244519875603782577260342028021462442856557132521574810
528 117208588499962039262043073210306366287873313812124968022506739058360937480952452181036385019191425501801006193892205860185514210286587115176395666492853347281473670938185996426986297626029289617105523534423245310545554160471713900191419190632669522930057346766979375748030219817913013493778427140192565567283169164094590686092079043438402833753485996265650901213285
529 584392562368065438414116096433302211347394711831011655404915661945778080250746213171765229661930415444111491151228503201377303285884045372357339214172762436645673103042264456329834943975159947140913863848400750763196136991975544194985547439525832167811481242676465185977254923231212757149591929143936860806133755942559388217444836625291651418572915891196720882063440
530 2913749568932351960890978522920954860376842894136005376070209658320425714490962505210309649692473807744817350541910579021202365387002038920847163873944637807258603377405861973345677786743839437854617366548100263038658842357621532533748494692208706940441701793981341841499497285849347059273606361237093831234869880394179592195973649333452409920553112005955446797343145
531 14527873653562479029293981736922285791556105779243629419547313848534655902458886488825959946846963317233130329519565219129609854598048711803008334626619582108816076466092761173896891558810072888301658945006150123196801554232322774534300916035813541415922362379308125537684902705459748798270040287962125551179202976901088293130018203009238215297890998559541547200918150
532 72435951156101147851029917290385002169190803645504674953423872201735599392926011153364255127086645598680151956928386575614486980842262912524062977421301363330219555812415070641210853987415986683218444145708819452093717380572979724605204828532781078041418751172574316232430752436688947957151091657015335935966068905256095533205392458377333956607006896581890000232203205
533 361167408336802386323082930006954790988327575970078178697921022291486025788566729633075465523314476944722509889773309779196928262989133813683839882131642587118253453830005141855463447578765417579679170173587911971738109569896791210312871793253301353052035159025622307675355719138229739736640426027281494087263984104286691135033909802276998116139658139538137019678181620
534 1800798840821023806195738597258983805261239460287964928182003948753868917382385815410907760021350697509515991907034418185164001853116570561747716240785732224166439085482908497347349812176043445571966235217957492752244506322901339931243559888906367272756863795226439409834270869468832285628029490411151436315691244737210253062299644796634935367402021107159509045229849280
535 8978920116915836444616555868893296352437709483943711066945312511513189073744515744631033808807040068781631839380246779831359155426017235964805870641575406450105644190659352510138344725790631144399281284957972319699962900203664274612497449828388646213976655294295466551241478049463907190067269734806488312858507951761475011748356695427733045986005267006455197652253393640
536 44769810942881354787796210804195316315383461422260690709867995376239818265818870848434789451204374495548298733770062475698649661557736005976338882059155401468995996053133350914849827071128207882550128066524093703576521664587392980458003323261523136815423678393809978456105741465211273218525837550006536376315899425237313579330627221709012727946856392438909519181427446850
537 223227991678041638738736530360364549565225982156320450304193269832436502712939295633325245738592667050467297110133780596288163232733893738869629907779595184713889393697473874796979159618722330707215441047141179334058802037072601089782576811812516064534680836997779189316801683300299056063511634038856778097677953679115198380229920719910181801748216732189967573906427958160
538 1113048975854295641418973179071215466495129298671258182027521715387956223933803929968042019467395515532276938958212104300166803633229492032742499134660528410686191340382463722766940146417250306525609932570641439351047532887802877627683703097056927155484689398619552846682148066246776384749921887959078678958237742929481572084066531848962506361458705073529952909257035911525
539 5549861167612813813192421715658969615839226203738190020069462676229261171509008516044778199860855222289930600288112124777308077156867940358334346768397633778732455122762304232535069818254532643357291522744633230168397174921026053775411237105499462652028392173212573139889064807641318632213950504925982253144321512599541819043131642801691442204429907446569824222549625294950
540 27672740992960746434865368658612709390465665245587514641773311388887770118651423164959569563073076075043542191160305013698678912629286643408783612475475472928534631002893499901606747459564029190505301121875954699564542942131858769808630605713749981871764931753230320820164039619702168912852389611809919501260114895288610837605322866787000865401243703394040936092617978118725
541 137982637940343075914151093456394764388183753411021636325229414466225897505740748953763130331345919491928699396961359351438562103234177752494545396417392146508673638737349274278756038840195498256162346469320597959892135297469854135463033022678242141527948095187581343037570815090541522696024626349781449365668663098368535490584241436824315199581310297531815970892957034373500
542 688016584228842338318963644909145562062012798883795434117457764591050824709299878423589306885889374255931373262887038571446293805269758793342268080911257179809721192012053786209698469020887839071928678177828267598822567286248753191486674787216352525268454121160555845817034133814956737423417975390377356234985873905304283422280914080076450439301704330802951807706296076026650
543 3430643262567279603375342272576468191857632034476921133448347660723767826716587932863297081826265756345690456176088872999011940880877412932532635180799899029233247013415083401977937967160174032528091422767795913464841876074206396653865587618837571274697958124632262191687350443471284891688512816652069917800281317123667609382291540356014780214222065685806118114899867261176700
544 17106233478071491677213318000521290421953719351214487534353148326342211445002908384854735634743312612272006230938041352724237514932961920653954413906398082434260518719347347427042099748947250589901478787689875554716995218121099933492337592269705342743396132258126260293094562265595071534827853111236369199804680709329507008717713494037713598226357074745080623971641430435225300
545 85297323634875086803097321290029734931841033461830012370156293984979063691998872833383949079028625524938868139856561981078189753371498997557633208930290990670384591877305284604894544273435590673112451525963255451697480851955682375985188531775971873066676743502087441247410706604633883669846463369782518750593950216164768012619543932608532148351124116615447542703611128533254400
546 425322717408700345678006697661828204848814755217737267519503199425136139711785832128156959474934219909198747008209950998749292269620668031414101849026119704649340470267209972336217951605272182382352747257302269293398847312966429884196873250232767508572051941714606181995455158390902473361650199287417871497080864919330350739545589208977175961503589941883515517610829890891722625
547 2120820504266436813486071735333035197210802741704880096262847208549491437778846787427287155118945676641884776538864553292383585841430672267634598518966579919569327405861287180739620268618646826725277861015860601825904764357648362350843609286540505116390371311301939956807844774388507761986850444900015263868530152856281258913980797348751988739955375672551555770440666781275509350
548 10575268374559615933282153477109122890806932502303001270778153553356604623025687636093430181298514391264781767046197201339911081722911515372495103142088770590824575262405562120698376068157956666783639630580395552312466563002033482038125522862581108534434050523942926543631698612381348926006246323978418068210911297449225130447441561872554106466231065178206644184224287551024102765
549 52732823317902405334651121847837201925573877685746536644793760035219734267974501543246538286236743401388167030429472619576598599008073477255970082997507673493900399041739812625682176082338040202694934072834876435841199164955839332376024896529999463790399863025714191844397623871890426651147759717599925677625590677047953106111508738497094873528172107566774584405330991558078642660
550 262949764095803430853307993707576634591087279636108454994241690696265007142961988120134226833074066585042100646068197931195474915826501988830830598709964108225236444126441613068841110890976835354624906619063130698594755368878837952880534926139680726714392515696527105839429391884607117104873452292966264377962974232590537623140756515062922573922946966943674991557115963421570548230
551 1311193157180203184503379267776351141884681155330522340687858536778020966660366841614131173887285051273467613199369214729725556481071209220520385821799850087945400181059211633414976230857957133143478558395038757578602265179108036426729250243037593591926616437043264477864142570995711247647368145516492838830525998659283368976395698920421049314084011924028528755574943923836490168500
552 6538267458224660089839093675488141486830905408986411210798094998621077051456647964474912381889537170682068408173002553868266311184493943923928001537163438649520685483279443680098439955432541564971940213804544014811155511439125960548932443459262647304458639642198564658755836343281649358323378073644037035558246160431878975723893056476858774273747148358814991071230379783576174778220
553 32603243082169275225484873300432225049916088605534929094000262676170086524618863325257096991125712997868134043912104727784325698520717208591484081393254829372446706799417215930761021084702186913593883376569447395717539171950908177475736907629481801208693298983562710257868433647509971030024268695489245895415093822305047085211471045586745863910524778421682936744313845871574336307520
554 162577719041369538989225866778010134287927064844610147313864521340663697188412671667576105516346359093111944424984558609696974494749988616182356423292764027842801151486088390745845936881425580803160745203928442374770079316865319891936038361609644190697437128828800693477097255204311215083284962101571853171249805322499415775646148831274604436351054356937650045084299571105287362679305
555 810705924879001364391238215538838314401145081984726658790301184189490062505880774542009037530952902906222753814385018991771821296416087508750762025071156446637320490578176230112339306809395962372305480189725683558466423310516908347294295005963203967677588025432757615187776733931373516243943981568696913497322110540067995385414049448622672421358140144958840606527412210968547471510190
556 4042665023555634641856203606827511602184211005954465194018126118125629909235244569217286861097410067342361177702103349791179004023931621171253203188469231539058669607293101573412427971743343217421642179385822316831812253012826026676572880650451061847045315668584746263154774509882237537500171770566125773353221315477308729090421188925908465169863730046093388713407725739794230665206425
557 20159244345903552409652148637569315908329952257680654319663463234528768228259473421966251952589266539560685786281477507877072697474977164438560753403470887727573606028502822852824927441917683634893615801608990316939297310823596755530597946773586558043869603859003956089972143558869602006013594804574903616119078264888411121973105621710732903909799747236005877549713561901119375424171260
558 100527021484328218807171404417037210492116560007391203530210909906500448248813768604148098041852149278339004829690808350289494834982234938535239950879241939439792812615578063586258182554582681754746427402084545282434538389068621723248202982812217202563368836632144044352930070388903624371199908094215625581063634947446117142290813660940600748124919240210043429335010089801057639697875465
559 501295086831281972788935439642567358030658547526048425382368941732013471301466495942667587651120812939265681507378114321020129318616004041408392094328740069642664573825482595593589386491113029891585363034823633260973783296587847464588507972781133059885434914065034164444684585753397612157303772805935488855816444472960135214975025109406258953537121578431376302258796423077632891572068210
560 2499805048700231697371364626395488862206395450732779169195596153025469813558085659169583480332329479826773714473704749848217126158954071351256109497311983986208855636450360949390708924182610251472987627304406510399287667213291839423638931723945201236520669037050104381814619361267092378911654967363120342610412182518670682863081806370754624382464623861152351991321632629004210852364033605
561 12465820982685554981829077626787081205103231366174237039480544284137365649763489740787532509043792252581296073293436505682532697449255216492217422598888427522322324666486368420344144723668362751321786648092529930460363794436363324822544681914464389020554856765287954276365801774501764419488396564976683978540127022705112593167530813399568795117301175756855242233246809470571781035506617200
562 62163817373246641132918102903951971430541246318200842368854931562644916195563584498709858786028766478587343780059394679606631456442769589629832389407056907191932700376282319251720146425182606485084757142872823755079346020454147004235944838426107533327074459716017025110706207425740743920714340427561512396859838772022350679010394008533828061394629707224987667838299609254768512209483922495
563 309996295324058589560226635185044024193025488606302647774101451663400565393628842413683058160422564867947134137608728460936938922031905110343060329843110383436134000950318530434544743262275220058281940974001808874070409903645436629915040178782952869692980612095933962355232234976831604697961042944749118193281458681465862500332016424953304406289019767810739944673330433759178818453632557450
564 1545885637297492906870181125012567803721053747738954863036938584326505632520155253311868844115154559252393767186767549283228647328031961506014809023878952961146391890505401758333904653952124005850512465409681072871909603756396656867326990030238522928491650423657043153896297560584231168757765775756207767787500678143567880431619407679624504197893131419104849152934664719083085173761600681875
565 7709039024233406699183004055803411673506163608738508326641469968630856741787548962903596658713529436521114807206970089705512736396013371847981912346457429441725272572741737191661206713869175726315984348982168879352769360289274875402257626850480199499616662039459377662604479461811101527674541723384736953913270445070158406116989839240211574775506909774570540788726732599457144441641155015500
566 38443696715817087756964284361187465818748965135356223503426363967156500781221120631329677440049702450363292710279346591707048683812000955719899017132617080808353557836596702855092984403554261567693676659291270495929528039877029517932801665200778442050547139582155365954027549154020601110463158112306860008362178821681697375895407502092403593007093814175443968543832527342458426539467865505000
567 191713214861593062090526658179056136431231367839931775972774397219304947778772110594331905969953750163667910935203731576824762299057098980450427008973803263710628595445590869116500832330859264728461525630576615249933829194003605591484186591341117247442214236940767732215124200394149675191911195966299300324642892057440492732157346354969285896579661718326987279610000147184002872476689415537000
568 956050779205084818806774144147036837243467841125171206091886183405101404551219612426539165474005038120251547060150374986994072198588207292059398011868358967200041026371325064250278441272398713362148555673928826584162539017723857003114871055036999569514818788950520082207098645403031930494932687638111521431556921915126022130100640220983310233612182742539718368993656693508168030173385835029750
569 4767732325299552120894416753604764409329216155471527604613563709546185981262953948204155188996633241234796330976177685221546755616356278614350216227874586263141288286544985709531081969503640957876187910688995589912091773831271371093492170706840471281689964669655413684956954317368032409200466971087795641940594764061817365144787274117266130931368769040918068792210303210483655915490947245174000
570 23776326621881732114118842949145420272665064481256961391363953256781197646783827491997276642176813258502719260405561523117457384124302150333282752464664422156505231531846106291247800478104399842559194073340956786104504557862104915195335726468172134455062623448649591559911261802135492582028797194677986192413040727398289875100935552417694222702702427437882931982166949988658616688849188353323875
571 118571314022327673387774960320527899421877917480239565448959894886938568457265047794592448608842590936454553029387390388606756228567625788857737873356087124774660091168255689906530292313414416822249465622206879883434752076779170162138069944952773712807640556226281075418581378941668311189657214459842416158675372410165813168508917952887012068055513849296622718166459388324303355117439570625166250
572 591311713135654478582869290485141774385473356403566425840955857633450915604635228454522488972658455440813069278211733459382913211306794173180634212222749994927195760469334865458273844671548942670964108395804004840830302125012442073924334301857717290022889343966908598693283777240493768125268924909283502871203960086509683835671633397181265873350030703477985608158516020050189721296497761461269875
573 2948867768600911299189989987451381922540695372599026452657423108966094965030010296567662324398392765901262049521189694320099249856743069691911235213269205832782597626139120972789057355736566651954682059329147818560628151967599040008244312856686220806655380961127452310550428156561900900682279078335393759169458802068165915300507622566993164959771171491891488575323527839238945956261932129655671300
574 14706051282122877682539864973250342790806518472825780874186064071041363115561722914189009891284925590553556698398756942637043268427562782740046435985607280798883754591993205059567018908233347099062015503739285167687101545263401333555111006040391398420482036271009916943411050877858597074229727181786348789465678746951540399063901686587478570291549925687513207582457264024240922317749863857898940325
575 73339645695640127029842116879387711769400554591916009203364745133028589592071829579191208191803740892605099652309817131526942869862948118870823849056646555253370208701064620364062356672238539632273601247259219739250898760308431062935647067710267875680152397508441849872927205519504494970840601113574552204099730595445435620629720074820517283966599156244818191691023358382098283481922140837073027850
576 365749285380405225030938008147149062714219732281819121220070003224394853811843924727235120840603137072851546515791825484464259313078112179744786632749288379228287194535131025125044412007344602396107379017386168705657918362768570325352446632156686535399762792179085234560439267532076357650682201072518211143855347201798966595476983311621475120745431184305371545322644775712516449071659602820581133125
577 1824022139915516207874511817592500976125796046191685805428117249722722451160429214809963139551722597388607676290739125197057059201726453021787347530121653473487394122363053183269052258387367264907474417874039667980037719222694400777609303857128975426956787927187669452834418494442679216309333246399605512177367089324176288574303514228246194983021932753532040115689051910587824931804840071727529582400
578 9096590792534868729756762766562406422465286403899163812089315222098650676325826661161707136953352725424594361555238154888167014461227916854980412532544345488339068419002528473012268688211896381369979474592089435711551753508185852259400405689130001194103002482143279442097585939947370577327986864639294288713355623668614774599940300904524833464681326445668945295564959733027298823254174802508619576025
579 45365859017531624577635414730690842548629365444386594489608531382641597933960223067452826415134178155534628887302898164423013739020484198486089355445738214419022845407692863985605840632365079144353946805123500561621538997543040218521547766648879792331817689937408204400677725755063229830672161017344369253628269604061993997313920272300088341443446789826924505999542678619623449165919287496987147947350
580 226246328182959510124640329935135501563044517238367958168249325141234339558975358640457637045516758619940316757907688790567359068462045192595077090005487036021947414387193135703033816523129819597015753268021186510768374412977288278694419091373897563192907280104002693958053230239307612336214994925358243858072556117413427843995183803146762441905839035925917831689899777644851558485396513996187170011925
581 1128329270431916606543141724926046974004879719680667609341549743143290263942847787044481524801673276565226128122507730918019956272195869016761691790941220431270557535397243289995159238603350750745594645426927748276127876938879716055072811194162560290570672892742256526048174628937655598243258869714715654937327521049337054197894361778513917191093563946939316057691595864228147228065760266112290456158500
582 5627196447509753075590620533081614161680692065975532192333066457082505446764302825267609903758868467720009245532858582517328685181043327532166187103486128071029314526808540192467984091716397921451758896479231175390528077601765733679470844650247382569186043577841960159456380893543259051942623993796620900708209152292662677207404217703588769854019057414042959021542398043770208161446358764898568822448950
583 28064040605214022118303456093638329643006572027653084847265738657066835023781539496637442871381319375915383553754732537100100283834073714328595729724665305772971958324623064616765924017889394060499062714652539324366144709385946236193426299426391620993232702280960596112195950056213790277476534227536966041344784681505972826626320281230832828569097856612091947171041435759869873395864372833675564555433300
584 139962025150177481797384028303550930383110606427256757764366954068434619545541598666080197677256149719721542535227795702777759266501024015706717029681490551137866251008438965038922901613496233804537301942716180687431626679725882508969759624449155838410650531762352004166950237650751399849672240674583500468807217312735842402701793864615373921026298068894866960284336236913623170508639300344415670821892700
585 698026842306826745425107133240206974602422316980524085241745782298186919577420614606699012199401820210862986962575993768509146725133102720044387812063617925151214190017171426498198209077432669612431759764414808639833661042882125355792355976481018531489162860376995891873154718126462213010161758779082939965737720482372554851190105220416781463218269282553056170628721020065327885683562299293899755846897600
586 3481255598259243093172157178703900659479200382767274591684274342413962504223921446451582971629399411673007058589159377778594206042999300629736882584361544114639196335391108832978320781875824130727990030263081013708806993998766767215000659125902687266980485281598337902018670298202257434783100246235683154638054845303067291448722850006606583546122387628817755684413831865755476436972496873083994411173764625
587 17362072824589582847066789400603696596337989725296950399894490237462501604003930241290833827456750501236269020224033788159477838840450786027338103701630067205583694842733522379219247186869087837259861957083084760130280542284041622852124509002501479519709014075295857451500262104706953337712611206987613754032237315372671885831811837309269009583881906829783663086084986856514237906995582568674940445437073150
588 86590272230051759412280034432722647427207694682466749871921043422341278144921234517430494059676928837464671081691398184125948968205225973367347020886073728732297511445047186255837456186538428139589858078607092735161274379684626813108963230398622398414535468151143947767533764123115536495353995342498356785463405270003615098427912134868814640478155518186607464820297648853463142079291425535234792238287112625
589 431855543811446813085632665791555413284642728972825212059221573980729544018066633136573833561879641892233792984707394673946757033079170968047921023974183877631676650918907897779514689603303882979554323629385129347944283008676138693237451825012132532248032594706080161862465574424853086402563624363088560801388690905332445747680173999437384192792535845879099592663989364218222027337571353870815277133688989500
590 2153821706149134249947537716001098409531292310730785709756162370352731706867059045155757670582967842795991171869737933768118623912461917731017183166743286391933139813309759320810911377515842244127833965045366439341151627107663570220463502761689080475116307224284116824254843422385897025542698798938974169730453351007734322651447285818690748721114111036455421335404669309433847092138792886379756420120662330375
591 10741943156100706178723172086770955356290842322442016155914900460791930642083797495442835621443938529521283219166351494645069501241325095702994253847401404554340416651380346182705156844846842162485292963721185512664854936956402719031930410102589555771955514097679605873485714736472496285197470382607440244731244403334537358406148061636163141288915770658440405751471021179647841863030693060188378688387691178750
592 53574458987234272022049566772197700817648525559673915478784254753754242875869045593554838922959272323998488760466649086853639263094067121611495510724356902171792682079759943035332968468600175639900610534826599114133376610548374819257908554909263709711660431471856488553753258519340790437344013040641626696505142555952807705297423776609966102570568928045921219767914700407779895090455732401902842677360011448375
593 267198844649056372665368391202442107155538776398584282948766229903652995489209989073480051987015307643193867376037885798337517282616631637133185354944795009067346487862818647545858064076485983987669259645834220145900406509353566946925809398975597456598398895239498631346517049348258407829895688254616417733435177830308221959531251717494723109899867339644455783728957375419438659358324853110317235970216821662000
594 1332641057232604312082048406016833369570378907325705259629709335647466455731144303541934700239447170925420755918080419599867144156457340155818403880509962044083775000747610219900818187831661728437298104663203032222411560793416763283286785163199098731364579936494301923076029604839006592935215962536598665020674756396380174363421613973305406349570090968757318722678366169996838149229085739308256923800049841154875
595 6646509471466277359616651368992239009085826094223051818170990729879210383804027340750803925862841348078702042071982374041283671000014862400344570311462947512043390070490621201739933771468927908317775987253144789161151217689434399565297733915914908994896187293972664168215575014451208545944616635396508108762396193888555698909169097330504877039129498665801908429477911946168422538950551215121233865987024597015250
596 33149416317390920488105226984014809603123150714338095609125548474815993772865565376887409317818881550248409786245014343157188319401746021645445654053513963190470258541201703164372980760281393166226309211978860874501642467941683521400715616452662845655365552121087885981024213011261104747073020276835031292046719583484238805654493372409716555008104975312326397802554671452449953365690520684267913516417989988679375
597 165333156415057695184167353021450616967938902570604422372012114812377972613953931001268927698385171752505526997895170459860293239580330405896389893272627562533008588645259671833639535702003392731158182281747353274964785280795112073888679053321370767309884383467447710731566662445222273776998377205625138145978816527919350005709408157339233822603016453402127013072087212942373216765442056827904990860042250933753500
598 824604756034473338439233141356860146923976856885830340003400923929003781083885957260641783391698860477226665870506414663105329566640754956093882667300979379809342697552470593713586277788445290686775912111116476181728509016440165422250332147286137627767082950608906630931993722218290168703926634140791507328892044847883890837197565107900665990783763176544988612466041340239524472263389701306168464604956761969942200
599 4112761399338529112143933488246517970275427483519789755774742876774985267748922173578758415477238383918790267235395858485583495307620965453635288139147473807983686474255033975752418323067808518769988783394069747051409796361976851103728445300575692192446343794986521271068463937864478025562346707386051658014080748435246815756936808350634425065526815144032663522996384376279497041658895561835730025864613752878901800
600 20512707600066919484479284706149130175243711296300788258514086928082335695087113116939998160507721412469192811351931491335585338262471795507131323499452320109308836664145903318956648453746669512701395616387632471471825032881948434554111856939647503783970784242989604954339535798965649819054348553210619181799224106872908497988905729504774531809535785961383928904281642200198175644676406863636231066805883330754659150
601 102309097404500396534369524662093530179533362382461598147627306349620137430528238026007577999742508308689814448510367307233102277117519394145394015883487446405582434256968683960535073383103121687965866825437754304095570982100415353354759303446583041416074777965775322791111716857729922360640187125468876313375414439487911203684418645330197983435916619677054574524294363973715617584864827319136087685507486691478710000
602 510278535456173688620585424924436931830063651602070439587433933186398381373649442833084586275518974882563551623293296920022912726548446402529109141081442299899674717549167562208822797520711572124427540123700377150409298526568672123795776611333292457936919464930072045748212612649925095324985709700296290173328071835781955767434713496666387740071084572960080689348635191008023254124664770042814353756081403299798274975
603 2545084025027361021031440176769663693091298999305501566475494217512711389237159112512797405187108163400333649739854600442248343704206932675218888512045432683512345625546474897029080687965596640419124634967933113825121488621292526113765734264803695928229724049660767787671466913585744099639641770903126589635022871786707386733370818276045465649700881055131056786130516946563713801945855780975738801970922109991249016850
604 12694006639938647432122162371000458954005587966824782235444288616881157127323992081014869697527503335420664311368886200938246844959462833365813216130059335673862181381093048248566187417089921418501758206117858636702284606331028875094811089032605304958748645949728683132073851252701873905638417396752641681827791559696282325094676213906381003980218891425775159232224936660415649107497049997055525134233345047905742379775
605 63313610922735002575726430000304653747382889637347333510371872454221992086796842449977920181194648899628494201248153337660036173994038123330682747624055918902954419347944314579043709586312255725440612993389279800968831753635842307672153191188968075352256584713344278550908939630375201504786774679825306324480952844954857525002214837084879722178380696034708623987034042720927294250371228089223941940623339768993661955700
606 315789150455181839309009399637190331232035397916212563928917558673918609080153025565156225238288044409323935533244121898624495138624551947825480290906774615452407793222565890060704203639970976744465391141340974813245343764031405977956427675420952049525893694462128791212466326112283341218839073892077699652046171251797572062785950636014614538454019775062888166849465999523074045352009999938760651508486281855414485389000
607 1575067175702942903975006118265850552693431596438159922861443052817281236500293247138581603297572030274795656086254435858974323440872868960977443376977492175482430630492170467048142864149708763443696976914742675254559753778589719507887356880813122568231881277113900469635992464314816976891762651877485957539817687053854903603924338602122176211868293155572763939454420194543008589810491127395383401593756359792132817267800
608 7856022260568418894423896239377404930171606298739106454650438816521585105148347312511843031432710670360241398997947605143508676956860827466420241647391406049210861518829489612731899666443547759055464548064318984619848793288947224661245885581997718606403294546453415580508569159591312664677209410338331486688226725217608530903100442982767698685634796625571225618543499799130259252103793931563676699984544711178363535478450
609 39183937273561677664957171713064627289802920047660142522795745360112581985401848666842126621455735706785677761532779040157662970794310329463048199419601634821551200243086681996523310074257892176991313804707014543412730602546384173910262768726495180158208674513493490495036526164909733179552668621909214249126649560056600385693100636062542542038803383962070177863958554198619541355458859762337241092724449050855658231476800
610 195440775285968730179994240797172635249377433884994439253551675989102304252093070362123869731512525505429874656195476028240472963170189948946524246371024419045252670400867909657442404387426337398872148627875859147794529982814811131699784095813133072778363089982821725113255553129863363153154788169241600266651843749052566340431916496717461358867143650523522036710923078261610890301978972116707654816115838930037201302447775
611 974819060566355059098058306656258781198879198517939963013595722030308682115252333547667344779799945024010740657092489957972738766234797253174763790041356370184035678611715849804420396976207108837822491962679470240960243363685867917009755777092150797909800884168757017025225237679904774323011137979875652265432819836408182380244235867388914888375124737150802381393234268098868667986600705569748435466621359570904034169812250
612 4862219644395804250017824061605855088008332664799479858691832932219392219311736836461123676317774811906438433943370331188304254534468802734342153147526561806364108038990185610881563710174605438782239331404619824886613707089385716589119294199139634599229344753446310503269729581782743569652153361920857260025592378237570514553430981914839753660308820701920585529441647773601288918819675061753732933226477708047843835770031475
613 24251960660072417438882845404268060850753115681608075576319779836343055127141763178965527743577253241374738893737028906632580969786422985635804845518910137473195298241240258676801703993568240015050393942861062498694048567608448086891732185267618968015399733780104955779416832819732965555982853970063060028232993205750351741149586000273691619355717357722587840096527179556139949472488133025201348928892120665935010271058897500
614 120965312321581425736145804533565295427701781186693666255720359565872231330277149720336918035435150272636805596318502481807067185634755152400699290845996632094745468670328004432098866302541471693620972515301426245755532512736762508349173390869865884280595755840176044763573649604417267726137590601622305934013497758160726003690189743600273115740207800932003606508660634258087258294342307374634587028790663987058259116641607250
615 603360057012754281081013765319272630469773478865857339089739586326199190714756718906318434981736239850311254795301973136548712972570356639899870103389050916959347930657346226494576706615314387090579729556621610206457285983725646352062919009243942653428732962465009441500449315210919079003518195356106699726336232583728174731268492693960991295954078940139683566811910589962956177963707121431051821489476926356348533946314245500
616 3009497345535985180098307486782801107722517810851448622433952844859921425087421106403323160351088158171720664349342515699187040679451502912798575797162517409624938177282762178392328617739939527943055120839622297865226754580645575494884424165817932312751263252985022445981962813016780344568117785033205151550768042652839234152188106845282770864934497591001969179913929988140620180121988557762032904472988242558061790242307317500
617 15011119113143959169353837404141838692364975241612961467345078699274236424890668551060749229580937190262533011341453614607000096633449055691077652348693059412344676783940843882117442277614336938181494373923525434167010647251697856950912564367222799182508684215396990953058864051545252650351172043680637315417022362162888280167226463840316501715879771807355273597829915044169261463425738199521771604713377852494117901299943872000
618 74874488768060401929471387679945059724796774142932935734709502257285334819790959818632141879395645189094798502902378241656043232292136000991312959788519432960237480214065616015219406349455222413874526568220532204789253034988471144937351524264903761885649151263855449068867785105590452671526905399841799203190627113094838181097153846924760032818623005637307663816490318260322476437402241208643486100378150223884917801891184170375
619 373470545674253210013382634106363971845940113265480598088443875918556524698471230731729987167790930882192953893172999305247724412232454300077422265078589486687507262086014136637197777562429621201710648673487403783297271151595064768866049112251741386365369053659577494400227386020347696741806731323577377284081883394491198913407893286887808887035309553365103787243716270323723760126319896371164589236529288751194972595192717355250
620 1862861314629484911518595028104348009886355298579833324557257338421910597569038974784272729610140033859682012067934036498558919901581756182715066537861519094661325015073736093745868821334913760494233951707557348883638032472433670129407090819419724183927583882335667159413470155090533028260485961760205267955333527955222728176613575899503666387066290032647643184161671306661202689514292766173965237416374613725594827476180310536375
621 9291939383441760923270412908993277387089682779802652105660556094165345235806765064774460693537258658497782997871884053452660802976354053085920992804696968131787905190832958323388887347868544347856813266436911777174848863625699747762606155045635937419117403400536680410290351520094878272921676056384109363313565459725683098214153844878938785700743391139353721761477898280480333051008762570246343760149427605996243834375987413722500
622 46348307849713904421787524086197872805386268700987341221675776959438371999805343235697369123237156564381639595706479879739019640966281092561518408123280606302631103585194762541424692058244097608828844633930768926473067904324657461811092189201069168678680602200602261186016822354948835137006100118560324514755688540398321463165842615298355945860580703603369752307487047448147617534208244309918036558937159023911324470338577135107375
623 231186815836611772101366160840101785803102203178388667227767410418385751423953148618680820209972101760853179717713299764095690625204181383679929526791942040892702613183663293407581088116300011226907735803173390950180688707197331518722772683761831158266885107253803952016285584273293516181544861650191548723951950630272101640376201291927957015222473570238699571254170188192047996398590231739593736103605407278179622518487044099120126
624 1153171509799965557696234838807429352580256081397905589812549573640418915472077066344337546765777511495520425636566836189301053904328894495066987946796000485095883253980230116367993657343178555792095411976042341735390854026335629554276511014294756453485622694604631316641537422233950062898464275367189207584425579792874942211827239414246083246987201284399485552782962285105939474511123126147916312728387515053572114749748560666203619
625 5752099632930644720446239916431991444692249143381173682640185058770224616206177944397526575511911722307101269887364837057299671429784445336068174975408730613076787191319489014490630197095271581596090022983771015904835457544233893583931364450559681596438981579625476974728110733129975571337999848842123292918939249228427049747344752621990319010505978269993742471439877008020574516423898212968126526628765983769802541207630224220519632
626 28691981711842159391048744407118402679764712809839819173629175878549861256272624381063178939786108183846586605290107012885308178905476266041039641593277659027338688679919278980628870713504405060291989748713930372156641721661254565283995310360192302742605294364562863285449398694067951593550165764520778453585244661203972371719725876079883685737672104092599306295536259418845128319426027248195648002927597675581765122178001876602970625
627 143118684353814726008580322506022440973650226585259629976861952637395986803089322980174400376342045375705912535797960478640417918031270376153977510169316379359761228375489786302590376431119490405463351091607513596160540787888653852849407412254914790458210515826057690054132448266788885198619048805933058935010966497410334898279382530662238360293364677904379821458025210491229159389634325783241260286177440185647682207373694478262290998
628 713894053410282331252239235861454609649544168322905137878670467188546921782542820796397636338795314048649212126492840610191565510691014612687172453586703734722284833534949686322499923956703815224492758936584409741070111233977030944983833404943569345843441931624230314641743331893456108592443619971703008056399245947778250190359644350258465856081175294679234958227956891323329830317917862460015609662358043884436734548714940604823197613
629 3561007001810968987259546412880644650972056738363086916432908401481302524041407452789480179136340395593587540814399357461083420294286752812365834631350055841007255550310938173820685549140042676616173212915821623149595197341477599484190098849418205225588034895172334441283363224803067997922299129215423520734908835224727615518197091515284703149105861808150509614535086204369893816245207093744846205458185029564719724750766373079721576692
630 17762885638315494648084224464171087683557830177461386730073510144851466898161321929159721939230464162097414426446889056386376138757914805889317087045624564457749874947052422682610613465253349922770913204403302749150556601910530534742536145753691180770278336098470892359603338857185705378918774140044329053692239975039629780539287903245334768031985785479202775693054541783714739203927395919871821031736408068331463831591972499659467658736
631 88604511511546379536027117539194956477326924969512644806050258897490371355293148893433085811920385400924238816381467743351413520144731148876371566839566138698882535477090673037368258382535112481074638736758575727654115335193935247675009904279015296212995885292924620706109021666022601624082906593517807291008489087067878245653095787972494650900198924999812061716209600325201394637066992032489599121809962092455079299271144763025405381320
632 441977102170613570912477215603706504466981256205129705859290730303892928716675357112088059683267559530007007429692605664400973023778334600033828400821798090378611639251196188228827427304588391961829713246196101588038372405986106892343960078682334276276759788116345692599823576565820349506647970947404437880932062550274147967640577191053379742821646775620620572220858516968379349561606987641261893227781715140418667952311666311236334666994
633 2204678760513928382843543486040407435157931364589195648660881452908966033376898352432376180993048089659266285659208459783103648093946917694676879694152793625834891447410657417387618808440488837700855461978011276276630156106792166136539638025827451692866881642115597504912756190367355235000981836125340187342085202098979649711881949862671257162769232299753911293554145043545930579662364610617330856229498446029958745757809004918675611027536
634 10997462120516314721990161858929617406257786521213078492203707215723885749369396072848897022181753145476253438873340057665920909497701360082598993430971116505766539497567927480243973703924032250036058113748007889024480258418536506775383872780851946184600909484343785948432097392835611439733996912047922333927355751392584017092877681241074204017240517986066464486212337262251303999073737376448892087166531390404135513196223662632493484096909
635 54858159743673824033612355245236785618167145778591309642122211255176957103181710266837629345401807126488533772369857876001707254474390199993870596381781520514082320445964267900870575752718792040329292509543940068001963301572461227587556642317796709109109288936059847378159284828657041265388867833307427670913105948588640341003220718616860451961529781747092272646548394798772913913858752104941232550055127623025788123572010786315947433602742
636 273647568294739201494402823505467153871989263506490202715146806791635155829215673158655194614232401431572368499844966927602766442003776813652412178771142832199503656709561261668871767616752020074309054209049276942778265373765702531296046624608053919092797906105361198339419985416031863180029701703934590852866414128794355318890472623934332779480458182174192347238752334672760275341822812752604962993388889447937907404475269114655769569076605
637 1365034239768335804742788753639536286684282411819621007162370474239313726794163748826197032218711281131208764789548109477094550559461179035657837928723860023585013024895716361231520660477325685456190485771247805499652951386216809409773917863621015958788379880532398011303899370331906331351800971443228903609721766472755184611240898331815439054895558027602374721761301620475276387926738340182840614757083681807670061070527394347648938576129148
638 6809215600087517162322551455629634817219652692473086503646645143230149883107657251420470328234152658152367216129760592907601169248677718920776995639824955420824064669894225240117590636003749186252996375281758060542289913372837260607321750729794726334604314764968590554893877568887846329667079147975926594586920073238247475406938028283529363465868255213003394258136311852828467034552573052853660474483626130152622332048244363890801208428919410
639 33966610356057318498763754976304642343206954129496590024725637576004595960336608377645518483294369059090085524899283011853472598688158244796369191688446316481639184064719042169262718715646499082673347966755408603341700906605555210122869162290167692171336861519292978235952814237647746343787356514031303823015466438188173698767377144367688109764128163929445398220506314211674265389439746054599775509708397136539836333299544304326387692308984620
640 169437256867382123119157680201217051164871863467571078614280958517300136597901618366887176761638630741126001490723951082146970471823877250683510562541625637364451020788859859075048374778050705748125223775416246369723133999443742377022029427953131272689983064526968595796765659195110031596827002098180757452860346614022183638909183032901875087466549428521091379357789684254167497698556150082228945930277144358052410294718925018686401447768884860
641 845214984422096331962505984596240794733304774498854382189407826130583688416666524519787656145622946108900756930057701606378882354239143579809753711251406283800161048379634545532007319719422869806240038886796551666674777416318834973663599947401170011595970405816630083546133659344316944460876519251810947103773279914214384169302202528444695537302011017490063252693092027338542936380538286440463000197585923832972901461352624431333417386670745600
642 4216256587768540513739485137133565216381446460214145538076314031417714506806045224426877441668073281905564036652944884178165203131101674533668540805263704237884194502546487831212973168024310878205622139687792674901516203549300204175053401591639728252615463138118022389599784451174842700443912920911667472111913400594882214362940124128768397351708004446496940096746342894351103474973828392133686588611949949162432393354607162685064399086488273865
643 21032381060449368039883460246896590521165839281626342484015293261187015218266836408395706732447933862975158010100215980116053140708652519921317856040216203296138355625393724343298832594776005380250961369277300526951939867616265211297080516744410885177280052264381764360529314557567923084481612771507156261496210271697549328540401353657625813119538672362664956561246739968524060443158142539909349976865233044162179208507436392856938115091857686070
644 104918339748522155885501688369678157547188310710514820273665511587484896291427685059621072859832213609389761016599275358335980517844895633027820427258666386528044083597819355227170955375865311630624191532120803196633077072300263995164483211409699364134498039244105849631146681216049254296190661336689963125395082648849691535153828316638345085159627385828229514927868385358857287125479505537652452760149620483173004495208104120122915045034404416005
645 523378564701384438077140936455760034904181018752113678346593213720731811569011176173150501039787136591136089078613529153312474670611251483755086347001087152044773960236405241916749955997883517873153731799596891383117383022837898496584852951819953874322372346646367963586754876927279503458993707287873615842046314405423340726591942844206666166144564100039556729299213867825011720786264221886637928549839302973678972538853098582488107924355384232740
646 2610850495500614117100241928511767553734030264441726257443048384138263329105578380037424428646650766491082457323473187886340664419000278982058614733759600922177350282840774695868541898169326983217625797268073537908585303075745709143959572704284431947237713139967239559892095157846575996258439514655836345984887135208371774043467351787496718863309018892868324401305825917907545684977777954337597602282873649421777526355875535152000236818450860481950
647 13024156920657079123378258890183463808425447541835029784188360704754205829824413135252484584255111491220295379134932971016655387247412702437970658859141770640606009337187838077662213299002751244498086011697795301366692572775955465162109240240068260866461110689052823254342835381614813873405659231709849420432547342843961154634303565114110187548843932658650504164633164371282470743231785754499044258130205555535543958002483039668065985316754945076260
648 64970884117592027651990278805543050154966061031164224196999013055514798559226880162702926990546962920821979836574194661838190793519145888938020825430546099952842614063646545571917869714440531773317789809918378233584355716232564031979075544386981975339308097702821610772426244151537830662972728112423923790782262096227814054225372144115201902415109655009801050246744869579260285782115480749763682559628535013260873357374325086874138379272926538283348
649 324107789172690578878975986878018309177891509666561113681105589003708692171920596810772335121140724385339384799061785239797152139010428687367693881535061854636688558757703027585983923987412083508216538372430067535398280370152417005992424896353643723265302180626928175600578863121302229114868829077883652394135642640343573617659480563218758648171021259598421108384668951851718626847434852635771148110200910185394225616646704865529192214974971767875712
650 1616820066988492396562333549854571254090773429461630775859245055699657634899003963717597508449774423308070691229140057556667548688873559836113838740919940491041584874884608316200314274179633086820691005296009083122451637807569561804306877490372303797345123529012232318973206430943117113221628867262970875732030678504148848664037966549143024168217656388720168439742779556791411899085125661655839168695737863349323846474443373975356665766494015952807761
651 8065576949893364469211278038733389864562797719447023380968340456518507393618653711400121877236953424166836581491482475103281982876306417736318791483066217580245998451567193625364621991683686346222475176378459789659825009769228225422895420771185480537562494572732309401042374268677065278015357062627314184328923106090783415090675157820558494951368359812730296817450528460344775691442029047906853717395854389284313862371435039344694852811301246988732350
652 40235620975541720736953341525439504416637042292069730552588603540797529323547504031365221876483232469102150852297413255906453515228987083201597311643271561254688293518171183340128052621358332814128164462269211334412184378602602092005362625302295908040588216936965580828557115491217313402772102440420585241281209424811392580667591381354827715055381532449421409133128213377880689998327385978061762968380497848598986901708226513289591774523110881518810929
653 200718542353085901526257979105601590529783511745447902753093297238348494739789082714382372163292345919978559395694744506159646094497338893150064720961363048992482197898219783602391486713702308813342150948694769983443893425031572693390214688871561991582174906619370625020584028435709950138312500012048014620737770904311249781428792222845528681419248781800352014636877748557965755600921092230790200742365040893456394854670989098845168498223262366794430844
654 1001303634131326752848036147415049325249434170114902785112450202510924687614109795862847560114076457238596968302631865541161337118437293890396201970744058652065485598467104404650681294449993168037455256791979113032015841581680469225044291281719196960651671720061511042394444854677371287543800330269502281463209929146412267340509228174266933087037791627328916176113906995230393159277228143703089720376169163453437867028314082313755137177053741498932961271
655 4995116225347675585176384593117580765725475611696834504277467731589559700013797389620268765257313732307498129359075114830192879703050467973429981706404083840866211094920483934248735783159600291653138505005109921388536601237420431734229191837488715730754455396282065300778211024227113392059655551165479415427993120663141482875241153722130523185410897212384470550997921142515422827476539797444137176330948759903112097079808118209376847170941687400212933918
656 24918787461999909568702991582680751552316311657431439652857903477119560117385559512406185511606178730763321405228664678042641310404754790218313934665688339281732706528248689154364816586999051519224694789282085185136608098410099696251644588942216662750064440454299064968818771043487592193376441498198891885156828474979517224733187804662057764942678907158397193891401145920630817343369294453357734782484463488364936199200048737340547289272231413902544963335
657 124311043572082215940836767116329225641617302314742072561852135861354352235871527063316381396155098099001033990555546554984188583374963862556876001008109636314220801884333174510331944693440377797182177428755809635044773150305572861914980124337369885446627763855689573613029908168948353426331051725742333336120149311723244042270369080112725632582576982621591859348572009076892278422403050789273937250643291563074598965324465649659214234523199612206642674672
658 620146093678038496617065522590888156070839962801876632266727222924139945693057026434561343628175079491688811595804897535890898984615946805471913386238249119796274910882812287906807789820178235258280524801992919089923632606861892933095034036813465397688574008140314448603404619568637523975191784483976507611293171898992298320879665013608235450278930047331052678266520641382476023353230294851103356488534403751481528398541572279274282879417001467083660434683
659 3093711428871128642929724879869030825370189332019648191462734578129679775688528674178674145093721424609685100650232497376369641067394080269660807315885756862557875226801869823372430493979913163070237817385219484676700250649171050135609743341966408644424186581025149676866418091577714264566346559936975643882813337220279397258903430940878884078940475771784444944141859492488085104535516314492767211416990147799242136711863277654385725621385551715355541610002
660 15433594152793142924883674871278400189897416854957288672785045957527888445382193313326447355999242921572374056024175310171387639779034630964960191682034706696954873301209630298926512598913019552303958183655829551378901272319548364591506432351964913822814106327070697900497219465295499522897409318881209681763073665621174762812012706555916266751388687792265797744009053531189903894792481897514043119286922868123193352115964246512022789413461824470198125502351
661 76993813355389342396125510391143344463042945999231103813285135663140092630368957670985625443892510061882664087393376420999153213136557958827189650413784729578882525178585082549724966591381883801468793305224740270278351620025799016125126478222129238316766895472605055450580128182889536069659848443490121663093690686955395832382138721419386656465931450034663203407626387613198502581286451368045555671388298557819105672748335940182972807249970405208259501832540
662 384101550193265004605394490790522339710364414087665343538111199870649457399357556352890762150967156341534106080795399728007985552192108875230225051230822509115317747391420237230508386831828963674395236558480266797450918754544617340525651380213396744627323820379699030416533033701431340761411830008344155977070721005896757609289861852139999806164373877025647685034984364898526499048049917805500286276441399481764153079216322707139502318428209040892370633066144
663 1916186434492457998810092631012099634972534540897954213618550238829023408612216385487671302986397146873468597051312575862496687121955384018352187282937731948445781672129661586565928913525112302100749053453706816009935986404003474742884214738424497132037204529170183446631799809541263878571878291191202113812436003776621074733744956583970771627365385232795606182061196312921716743001304736265678970375608950595816957964899345263650462027499068241095232003747960
664 9559406495951551102938312667720674955954806544917754957977806774819920792426938176156987960437122095758341710998470460121970865758276987911397422474143603415337096673519028985233129433037724362994231638242908538603701377181430337031493126003243713757118280219118307400384488886742872142504536653186542128654010542960530885203532291609340638457856292414576192649245265265901296867876839994130393221478399350917538035270534801984195604374556275972895730725451430
665 47689806509023422884989115023573630796095210682357658751491182739265143225457072926107829202061786085671113406367249758800890412520877389014054671715765160475900561395672749210673394781313592245775818509685634551271362082924629495255410475502802530622923140569304836791000497729300181445930144816810425595372288853363787526233658797612197981727702903701930413702065972760922295550172023057029016983650373309151696500537214050980751926673338557328222413638897840
666 237914904234319688143609351157197840385119253930712922005210105767410767198617337321568600104374853930635180990025570235115303448105577782584097857587575284123392373754142341955887567417859580732903754666168809533079330156424361538175563193231070346755194673064784631272613677942738793163646797592363988530998633460309064778187351486478382665850885903879367235951384896893248885480784763061209582975775310285228498732840122259353531647685662166816403827845049775
667 1186913835103679992570231682099759997095537416979116967291737420270351870327273098299073026993221562923182220223560708606030659203277170423589607012282210171504170979415955630513876978112990422790224950787939999633414111373271462798581502397706594843537020804834121211805262540057087773579167809274925664094196363997543957302405578654070344017744791716555763519500108454099058745028494936184015322624406287172522751112119717505195168983749667426684014854506693810
668 5921315263217245283537151370519471732740386400627187588241856401678200628363105929690388174409729487646286292439043187708246961949631661926458646532402309553977380099567609558283237242750175199907367913555034499526485711535974204246765256024965451746848050359442950551234583929962807598831066965149607750273371138125480750102957953910042135972601456658554052216215861478401113936220852214755598931064371990758789817851274711152050141318663028864513827518485770255
669 29540553056489616969696795522247227105921687014056123829562390211735709658268642169769154021171383197709107439955852352843041442868606410788053068010280257314613833300547188179876239865732495788106987631925090220584111407479589667476406571204151282063466610567769897734397523001739688160588758859303233622809357548664822848548245447795473528373070414729017496863956064609777674646549796988917520738840556903943808825261629536600029825213904184187174550105186354420
670 147373874095624076686922055936424380349530844559273466651072120970534282095225063351072533480240054327084661746224369038285690460258414984028656415310448792892708833006111789561317071364542294710550823275875131641961242609544247226604483137517530430261090232559832562766140589743747986000993167172472279363046707367256935361635186288326544079740484006977766008351008936099996225856310642428792969580914214629115206768992955743826235904761159684414738080096212161910
671 735231008321249447448922690731577515862740167693813286836360749476734083608547988300242489918477600419826673459385985711772800977707645250308250221595953202802722839463399160691235976500408815024642175642467572925363023610495754533273012450424871903538596404716051283430810880327131836845557996812403388624636655438331031026062267623699128858490064648791642431592112292532794043140042224844427171765624480325228162786435148167555126915988992602956316174601138567300
672 3667993541873661652797110910859223783356381509523862687908517933247722580562757157643112775519199098795887643158660103644211646789717557905364003083993936247380244330085684143225478415622995521264432533370684768085048973043853150995271795795970576628296555689883590195399945584531696705288814574772623764209103695290239755201815001703979806667700174299731240388409063442238447971084254252960999071442192689227832025782302944464215889717559044148952589963520857792340
673 18299310982040105736163777745536715943882532689139218350826117028248825161134932572921032058299311986674396063946518245376206388101682185651084910355378629487410881053095618604207575758351389562989406279999552842398555020978284236123339132939140561329837608376699303207063181482627472310528686335472964851290407979176126934293109162282250300637865025032019799254641786200023536578136697010638751399947072898014030331417883429532411728977741472049117921384947471110656
674 91294021236640875196124361285330569278192823559008862605365240770093461735417290027456700570363892658254561155023176588759224312711251499060363508458239611831854530627235041665081237117194463412788400769103888993690682902320175373540064182185659144941054292202893471906154440437652904378152628899659429225848549994773235471198399634856421889619206569811499636008442898255705067195625334108460186530900998387819541569479848741534362901841277797974194408945176023377139
675 455461168291938538747198430224667408700910233758969708862893298447719432523597297760205100686372268660542617318385160968387966324135860402780945405258431508772744342457884579570293368395346624782686127496243526704089293040720100461078222473148766585940595572796175490145063913976050852426443119601706667558187535148274161496861193421853094222353785015412855156458366471933492321652094854941272834469089468389442169209050024161742243676059280642026014428927738473730642
676 2272279708331865683211953674654210252648222581188978635568103367644055934345220093988183039021701173092512048674352460988882345231377117516894862322430050208542850677817057225926918489074694525630919894001200429742920802010677271053688219602189496876607252965122425611050758943375698240948569568680047731168433765897383924575175003860806577104830571798408644334116055364325789883547593885432238472835329504434480992889530526873167490966421644712360759286240173498142775
677 11336360180567097937408203955855155952492857406080947065306188142510600312119811613009902782145995026849389295266200149061563955259556003298495206385472196365357279380207744681210129256493199780340528233347319552259520601825914545368304766666547132453933664747979070080371870032944143069559799018200600723843041190999377937149273283154197478960150042340784979240957694543329390535054495585418291077196460240692061606159927889759099719273396911351440435747051103236702188
678 56557068250378701250805950252281859781402898194810095013559189190490552513989055050887395112051625299173298744821365686642336837354079829290518323161607259546303507110831350142738755792519813275051833110350250715829329184256381800741796367045041992529634533555497518116495776475468959257115691123945653875948895587547631701784058186721715051687756946242223725878931811964286171772746323397297881413265474836556977731619290003553987513183433419540145765170839349012487858
679 282163961984085574332878019752485135309470064409036129610520570715921085727463069523357378665225190133415401663248215035879647814256722080024221938681238346000926503976725600861885230443813542256912338979641160076665355338435987766012792579121073687753930863623200314622194241693703858035439593626377458899420953078913932554226992914547689879982363520528172704994713994546432616958765505948044168336488284103508397925136126963770086474489187284933318819822607481922929372
680 1407724275088422407730224566830733613972600786379302457597903182104990337889284296755692565118716497089532559924230509591345560373800912806331553905400771905652743426641707900714289777415703104708831824920290527903157232464680510489052061833750886951296890386724894018087398244642194984658819184371836532985293572824553161847268574234389812327316459089759596808440163424569997515385593812323712398115836196570423017112974625724629413528961305818530782486801567457178734276
681 7023200218411882845571328303251346829918783191715164852615215557649380937040094813841628743310980442855329373780354208816176818248010785299342674628030223380246042717165314511068155233463789839039585830970296623314477683722130846942701832230112757007462989353385381786672283881386784709547276031222141815706254083614957134845494352440619664352510528685671149882535057391485690915945575025835498512374186043390451883601062640862198235850550159158362129089615622660233808320
682 35039176450060116606176833877598359638203373503431666182391249034495593337980376072343897076037516689537822890747710335288965865142923183973678246346576507194477104047464694706822149393429763053094583878938609437659387109440741747480045713739669871282167370396711160522282765417569734511069618211495757634197256060807945866365263859806104470825403038778054447353357647993202197386989352885411158390192558252838590848209257806385100669179152951177290669401799793838018927179
683 174813157590844581484400153458148949466911694847671522182125634631167088357769994562376375726942183223836269046088988070434541323748440599890376576237815446352664176885624317436827014458717344726917063354070177025571339921880960097036314666177738779098628212834080183834845364970662236781059067649375364732753538610142520183964521506257991391621239435029658572205455631186111404522100434234974277929891456726632896805584551344325412248201636677319282482406628618573071647786
684 872159121817996107744832903627051955269003695140382150183139359727646804753758105972695556299372535967392057176806623184878749458638749035234498960251870120935833029517796139835088982921611456917327398778051941889794306851117717789693357929309734656223991084346306569956021232721326370727077574913926611048938060654970581404591210157825158397080584580257059939964696458069988300557241666240759487387872635339649564285269328055191674212499342329342079370531475924211282032059
685 4351296887418727264588201961160133546913803092395987924462743369893996042677586055830306408715693814777974495818391803643225552005821217859244144306800349798440727870885966920370288626813498007507883554044426431951162499556824651816371941576749169314466401480372825859092311470470388776978551609492826896440471615800077128768502273502747637669979870656118953384775425914420548331593861062466171901962714572909240553732919973823745807292466295051578676323928869900543982067892
686 21709162995577782468196023525804245376321714871749934327585073494709293296790883029810006433821865421030807710379928437814978665154120195281432509852523594518307839633529972066023625706210526727446547683482071448826465089512320822888597257150667835393054424957312723204176872655218053863008575501904584205557084986605842687341659696385131301706677869555229594935056087770504945643909696882214907597973813045009608850211641812899481973805778238335635393774383604171962862482755
687 108310064242076766586982917846595746092456233882137998592840746399446909947371706930764084830501953480824585164708349664078795736588136877634291079399071737531846306327820294960538577978478957624911911927077425980830074276493637823539546209528289486784429806048375210706473515987013249834624214286366121327965798722659397366554572347159478750498756920879169714554094417073503696772190260253965959389862894970694384013297045708586087709996932406349704112159587182769944800781798
688 540375828219896595525001953175478806165845180318172049717796567306935154666026516453594611987823850770483300982003437770185708775231093980527224092809522323993694120407963360174921897195230719469039009983336613361844881351080998810411568960587687867838506441673380711867269215836850464933797392703622788715241279464842451399133980616782187420068094753365062122430111126042336860872787900762639440471978363729423786506432903458581423482638025361152222805176733128122115843859655
689 2696027871942532267238370989634275649671575406480801408009093929848815407748658682119843614156436716444637621204480812755343144908579188342764870300255318026894524831064471974361332775667833558282722295908713998000698039059973105221474842697361055462762469774670546889830158580809550669413972962820540873896903322016205962924619873157731599724350701047606496242786010655727485978405814690785723357627529118450017892017792690926897024114538757462578159119321256611132311904325200
690 13450988458160161526164562128054465957857808561765090028944020873973629415823054717254452029290621100270977412879752002215430193353227140511603083188983396804839929888859001181827886666928340203735015949094346332205045666561356909470086404870094595810159694852794235055334067925421780614152215954602667055107162588669823688227636062077844759035031952275495883193441224216356639850534006551286322217134656388520741126697525606616731588955385322098992628173061291850016277888120925
691 67109712347794161025896282035983524372268325555546803146818354446088646232471810596616821584163555362639266694297001824617930095539956207557924572016305001556644889964758004682529878305649936081727984823787797989300089055350195059925703496034848215342036760109820310593308288151789801748624605481879628853592023146149746477119795743230535875415793759879907921249987198967437625470036267081416418016381543167861429988115702766623882449264837898575859870202967954781893098721526750
692 334825021651607323707017856919404094997617056437340811152524963625891545061499766827605595115241586991868004843128165368632421666739154381742938860825537322275694203378706153111979674555536103391890511570351197838503060187192066730314335054918995933941361072512574679818980255733529391338443125512152008379155938758307030925002337831570805432787504154459283555235220823401208277384348580623838918536292545883086531863817485106718627848163721250982030576126762180945777786297004825
693 1670520390405216765882967606987130004689620857800276756453074568197493827363450460672602461989893174192170001637759391509350503125041929284528236310063262429019963796781887017504559743915510896434542665726799217891776692969112212362501697153487313860407866462069028279547322962841465402723725091979434359902451623681675584077159756005668179836500108333046930176109853575090360525150352820769032122629104996777665989454077716813987498701833211852095311570220962766955033584564080100
694 8334642950024398537907018791148616948436727335819443885103897341866947460580576091973087658777154046092196871220855153924973652755034386335042846031010802753201967515448189183687614673414366454416310102743727381030825041150455982522263886240925029939688342894945877282578313401802435909085708543377278986520039384880462420256078673133738548279696750163547593734726328435712508693863229591877599044203924660748491432952210307179075688725772566313704946090898329941882308480572233400
695 41583741058625461985896681084025501297817479438866373539522955669132700743360814295736157202006989792730085902789966050272914030829216232842339859373020739604883982916333277174417790607502761397596603998179144133467792380669096223050216102261384357448772287087323697370556179478886343517216380652687565855228456760831262861092015804310209931987073640472984975316755324840999856338195194409063261607937970071214335808322031250216431062151332737302557424013346515341869453541797958200
696 207472935391229523646655324385141445077285954932891123706447291377079127885171929920785317107075833146702175222327856980937924978190658495769298577281375362848589987933249417192611547640048170446160484334362443431345576956514989542390002304007991572197614224870787714786101524478111793123431089101036943119281624549355694012800323534822921670267870845778486134648681555304681029279725279331886858282915335956570460370035524131654527668230681923280670374378077078020747391364426097250
697 1035143780297799303109670787973792298246768428014709575059752509672288198110090359632053953672343737846400539007156031082130245077350286369029067937184228070042981979150891116150941215750714152947680859063165622346644519827095065341224626746269379590788948073984776031870794126830744437087683643880281778467074400503322710879240985176984014289458668702977142792190068781082673324331741284388790566764434794009255860517927440308705741061647896569000771862108057878968005825852173966800
698 5164653984099370904829345993453591732117730318982642913393389762424968490564613911613837409960048946110537545406320181252423264402814855196447690305663455095772783534570861310417069702553718502796765022696940636261491012406406644781032378645088488121088306609999865912990100904300445384056370800735749927213127257664674605328324389889065167641687355441541865667500829530686322706615600640917917101383366436634872311583174243551932905849989554211065873657718186068149272806019031664905
699 25768142177642919947892036342850621431079116361883199281825357873020818311067724804242775580903943639266472712893956532055583709925166659787734443478662490409548549479509382374627745304586303241105870364674459149074409322234236219221712238376801969634328420062631167428473185794891862873591347109823843926591318636178206156023805250357516345363783805192187791235795724552138504382619305908907452771533791996701814056144827077171405653269646323871442828791243365391478562526576693947070
700 128566051498843482117916213296924719952413025040499269726766319743062104301294370112940454514022569902245837414674745946077035361136173229820181787318903682400009683942856986026859391858757887314558239181416054778918137928046335939537503491526990528628523608488315151317593591639486165742137075931290604605011133112446553825135317231184179886834169911939160938042969077007522093275838132726295424799817271827249538055665716111747051886268486297617095102218420033396121602659805669486585
701 641461832850310451806998057025374947834153042839711382894347037689928072549915806518359210103082242659055819969636577741173145521170896497706059500771064416758970780909651126502799646517950230442587731810467118148553025743460106710841478542263613362652997126254830321670121016032514048131552004577288940799389482814748613948026498494836785544320201829709009140385157177082936810063482761164377654112631890961930735892192634322291665239849498073589726065887737790064809235636653008575500
702 3200491281714537657212472810291958627345685274632891709329536969029766871972308845987374410494887803268197983412921997110046733279173741142829529010498381323982691477794549960206471924355861079437216814457721663760741452976560573789859811679777192242365765471921533956580501647332787508097086155998195448520030536645441352234594592574659098878325930400629398312297575257629552249738895291226422327743213740953811996767373301179908821250412685836862025632393404600829841479105584865247065
703 15968487598986411590898646074535222889927371488009963498469414502210222819872786541133605982122607984215731575897667544866799494572999778104595950694128476528753230133759516841153635460750915717714050664818069249958771161934608819095187879939737728527153728652505563309501511069665915562905163073593499148659095192148559136921419852076375569337399754021746100238155383436576874349289484071177011476024231929036984119190993582387725221766638378806806682696614520220760775539287435641475490
704 79673193980012675545189152155499354189545967521086676749527422395607880293149359261516295950866480017973675629806265876148332027566444636275195125058122256179075083991510809482030095143407346124628545952736573139443489491635622455899092862697875253548573627031940960216643759962176030932733974179473861002509761136878846731582621045295839229680675534998679438801824486059765329606491519624101305896857785379343544124217225667970765565678568204499225491469081569677795732229343072937807285
705 397522735172811099173684988898558292381178521888652523917269542803301603067580254802245196081925627601057756111168727769135767456501604860314366795284903680200131331237138569494359138150615249371781359060057653092652171257649702507266251553506916949198766766668454649194320108834376499670103721773688077785145329212508181016007669008765434091392588577024508488809627630574407270066770881565136832005500872662957488579382659487867471619299699660244254602087014956193513307517062326243641280
706 1983412355345743570321760307135715333397816449633472424054521260145725681222299007997165952534663758025702906511158420762933058689987546584259296357349983328234246996142033634039302832292401264412399079230570814481615683454848462310380816930404292421422616108294353345700646316585782105533612314087323683045347214153760554640634417470060556979435788517112308058123988340135103424046495108208969863995999016034568186947655698468245554788178695088384257994004263098943119826891267481271301975
707 9896129073963873193139336921231783449362424123636698092175916096516963591499369201023883288946753881867221993755474458763968783892803711757995602836142543112584369379045159969112108860425208945374852337739120402400333713067475969269047538430436576958677751467696473112614177024418295567461965385260878313227164873227764517093092693243265639107624602726364259107014287065584110990424419843678711280468369939682357999867008319709479956622703000544516219523941430944435678818952421922973623370
708 49376349537877668274867243829415813849626906644666559073679592972608765601441318835339518105645864948381693442883679319070033335689366939109386355691400901000533466814007471204346186254559659069916847449988401929298177527248743237515788212562589104811813052355048018920870999640053570348519871634151642496546626758904727150272051361225477102532102861411967744388375822158517413517335408559705532650395850824354937347332182043276347154121613802537961874596675382462676439818560203877974867355
709 246362097910211564638702134833348108802148517030917756184169996077727161901678329385138917716141872855937956077288649272066050560777083331561533061884697308405197913060207951977106467425689335170887114730061207163058290072531154211412062042668347414710266702791425674843902356008913734517733232452163219344067206631440555394220830926212712861463543260588808868557337219675983835142284386055164676807625907839884135973711341220510737500822367879783876830983873416650975187046436283245089902620
710 1229221342698088722478481848465503636139613276285180925238896585478784386450828308648438085888706476343382588081130527934419588319053054393625906471415322581231310468151670776367473900478129125128759626082996762102788609721449767194695569516135460239700257665699343854303350501650770280512114929893212930294492714267908244724567594154311628664332273232535249672015722205308381109006380005318538961831977409122716178345093152685289710484363906492232045584767817759043151865870735098982809880810
711 6133206266553803494976260001023107626772757358881456440476935079410515741021343091309612948241664011809797380254409915056504834840330931370152812376470445951174305603949651711467559262313787656483572856371519126736220157787268015257226426733974494519181264145243970374561528156134809525772674237137845329795437101670372342880073971508274792322580162786557947127524409575562382353514338524750373773097140066063856136279118284335012323347471811753534442052471898768565660600831232664837208481900
712 30601754427302481955234023444245950564825150586565588984330186147510073908067005202866679167119689283164238302654046781338264975334205547949278387800957636694990496835918237426533692272200779165481964591948894929799797351832169573980870467007801676414921231836352703317289773061841557383241878217429706042450298430447388018268011217621502291277142202364746303518545248454655939088961265995721459110634492603236521368198382279080561162668689047401078830614097511677249715868874773149590798319140
713 152688508752909758384226314351708271082062417434091553247423842318394149751321919600063651389862677328224448592278452278270510664911633976770898004807034159705010610283309690188909592980882957834054357703305129256528227090617836475336603198855900506770856366802621404510325167228174929202161570517519323059308173828512545101649099584891650390672338636056752107636134160898176050044867267293125650195109245396738826714305632654663484454214528874807131699227238764974319686987265157201607355547200
714 761846805225929429720428971545883781939422515087200175017042798783769591865953952377990733700185463516822071619653107115844377349946082805634232179946626052209347681057012740651416307912433394901233757717470027342797599653427408889819657614950492829101040187828574226635753934932306198214703803928120064741341054410319809882549366313670039759386064009175011021562566656935664513785763871681693891859132686722288208680050591180354819173891312180981581683039766206699065914606334162147806330756575
715 3801283089493188718914525232555590916162404885704561441649094006490255288567253130516423663605043476537443078681458418400620473880512619099066570436977342288407168382528162977627091874772829192372602707172579006130815887096265940604009740599543514254161492241173197531773600613219832669406148524612749774010736176406472297497334042740277130515568012243688618041514640736437615146215408184991602737013032877857717116921375285911733540741688709100688273649863188861810466249920751587162099521426850
716 18966798869612230403727401155918201609701021440977290668123665198646050508460514904286084138969426669776836262970977718647472312737020840835435506488859902893166106620175490874631714452287211363042761792387364680386793962312049286441086178687596925038145895257168794456263341423936222024542737901811539789801999273120406931194802658600977838268577003611263235591101668670229409128548435929499332684906701259191218672195395115423760857183027697606666152091172283858198576034955679734880085556965375
717 94636598631735564053067768213118016700534057782645237357074370854812187228062631122210602058192203496543315255589697942062534287689529760125698989870789737653058294291992407635931449227847569599354124783662659954814193918299522428473191352065867628841026480381719205565289797472979169495927114141257605348955164495863344599620484934193460025770826101994031783966339346244444123205834256063674330941684932221799789200622944180662277969761541454963450795163930368825783781390350565885796720632832900
718 472199433777827901526675526062670682796808667463604411365497348599839685998420129690884649055392495166326103972164422186157361241319069778334006832641456570118090255814740309313427030572743490086596917914828419147905036089009261630465561335981897072714441047674640468444080574847605867725050457988950501516310738802979709982295285123456770223673849315533521198368181517147088274600199162841224288305313353159680537647061919134681309515100436665959055009531792989514972870848440216435688536262033825
719 2356096385187930241780646504558638862791142385205147598304251744951658196137953013895608564031456778682040222311501810537745465876254608716549619620518391916856301184404963726016120165936035878810496364322451150730489736718368587309377651015817541483553170872409625183511980334486760360146031416344611245318396955894007365117442097924785817872013221462049221628459928091212154078072129245195511849281535108957947251747816524709774052033275593250406048864060121227860507296311359045231879096528860050
720 11756062662019014116927675957648087218592196979084304288826674159843427741022541666584021975296764937246471288597506744030855325406285229339665667182802055726490646517315415993842974807344206106950453854092047931195591665176384818582534192196543951479551474967272205620663568613875801386420753206523499113387252587642952039664707706084686456488290260357718666602817713807174953505025304095744550846343205618277879279367250546950796807799073451766680148047296900978168284988167231480735395825296153025
721 58658638219044554239039125084088953884876866555004045717753118201146488946946147943634966792072661136347131432749043074665286787536265645253325049238035309018894147084992917197844255466306643989436334579263330909826255458614109960498501479067347490157806603681514979698732847463762167462331061241178274445609851229439032113352446038628331700181544811828809045254879174465009096439691020796877860390110135683301198766850534051747745843024166262619911519815559924211653537622365234227266561973327202000
722 292686911624250462419389949449264933397568932827590550795319169847668490206819234053137399530076034993861174177784529391548643773432178900171595338143642443569433816430056331224193226960161281093508276534926723057697627470061508403515848591376931998057922005918366235730332821910193410190955268382950442191143963569483052619189225417947522235901882099445385743356089846713576710351035704457274005474192069488832849609340763155033843348366213752647399521524785411505903403148937431564333266624593170725
723 1460413590209921925665813947912675435519542242576997000302492929448555329375133029330375675070303575520475577137785505192131232643713054072711777951290624118202106163002821741062594382697484131836039912902804940209844942023982058942325399389663083709223602740514482616893467782495389050957454218460172893951921144729488191164124350059915258286733362810110453882018409038106369529144777721496707690872881477398555794814560497088940121331616492893947648261597671030795634301315024809663184429748949548270
724 7287015007882100829339377829725027558332291360271704194478301346490745403471596609162517371142852806349313772688189711725165458260505921670207818666701918845006722105057929896054610153712293276047920929308038831678809313067256710470216485576642418731078072928190426786683444516887898880059335973747346810723184309935410903545328396008354210121196857859857173039574812037017701670049381471453688052256588531228217259714001270875743864742793116717464575835287278913054625977029182685623923242388701511505
725 36360068559121397679605653493631171741591647866805405186565705604579820352148687706001305468412935586581240432117943230453523822147918562888353366334244727214337272713754765051028541155678361449981169451106948121047707195458988356234564286171624732933750392006795705919492497886466077780344539525966129016904006449770277679044293703399915138679349537823208898548085893254959125449281352553029225564262921067507149848120261909483689179066941223712254990169324269306049230477804042707524514084657524311140
726 181426595378351768535244283300525584458555041093085500092974152632408111668697335369390032329239034801350910718671578249549094664879697838549507804545948380344976047341600331418614391199525528117684213392128110268002190001904659309393183717670995153080094946219892088941024492399090002709721088656549283613870172070544019921155265752266201884322341229853825269617820484638728522764401544540572358986531332663780367172434774056056709518679375771467868812174452885189085270739008396430325108453823481981000
727 905270633949400940964877874569058504737677602083364861456856097283676779434821464167457206194055721923377623544858075333120454712187905986885878831997188866824295560547587948149228460513434071052819677897986357111397831971691702383807528501122669096777022081967281362168612122730608185869833490907845088803480060822309400042269435362063238007229875350136702066198943592092066262729015501488434799357142339328693963149482899540856666901143683079624843631178786975301604681651597007205634226052428516095960
728 4517073272816100838396552721952101265443717815699069274931246201851373251120002476338630086691483811111828619322449179086742715294220312106312882428841911093375254160244790864904444161653550535091835112592936510798293157552362933042918287188024443701032011670058350740421002824713511135552255570708978880014581579710353734403200056946473748465390126726926508095604785474011977765768428368368270786869199547166618749119778507850864166963260411646630958125217662239075768527509628802100915383512358176748210
729 22539125208333668831103353052152014014146639492321861641834065394086193505584231236685402182559220682266798830281381679840216162083908934934482514365185672493252217862698974738856558017187988419255060811597139112776056658342259087523923964871876495671754984986149364586593016949040833423723946308154270185833817845698547852061021911155546286451571988842840009914977504672325098167767745844879898860644288634260684260497188086439526180594555687910053272682259270622886633194913172337250834795417052768922640
730 112465208130796727647834566010242429102246465134242742454459704543144442964033987004093587960016461045767865701626496926177301870373495292122613103610330633590277680166543172430331717141920008958368224706657249405217236391629055962919328774194908859301782090916632698052116735338625219605824227387851093652463492691608922346897839699917620593622973674409007784886477627198721488323838777165316222474932377584640284582846830706414297578735885822734764323601225784108560259644219382063825189000652899579519745
731 561177871671225901607901912189590268756121247940472588138997997884083637481982462646308461765311142635015156071152635517500087238582750318985573056649343969060845836742303931907841735862131837849472467898119087082622379845201636874522130468389028053576915261661311216284873513537310383850278516373589549524961313066766245786532765123618076190347398859544922922433236689893462702587158971434874912062953288875352370108161674947897209454189857000822407737775787397449645879474514562444247109533913743256751150
732 2800168023035790701323684770614111656651415596605421445875818029966387685367415343676001760601272762745080549896406369233531959253583428701790310242358495179758476532395840646396031564213130471517721359564917166423024311708122527739990558244488835026687933235245435518011207557809149949849232612087937176655471772991789667062743094292693381958701901848076397374584975462169443775780270122690801685257911103897537754279662408877685108697941401327632073900089539216201137224170897172176229021061225652996139105
733 13972330523070373537583595248232729360829509512546132424546684968884510212206523165995923703409101884965020037469124871333303970871576140493861800353551942390248480022821017336207738417902847312405469137883945987809254979737059730871184279046909371602661387945826011736216437443817706115156563176406753049747027118019665148928774052123473331119222358261932571293855366377288479348111147493040630766693071875333341445738650599292097867221657788800651295347579872960586461644509478949268913260454519731141371020
734 69719587774040784515919207986251609005511881860439293151855462229922652960627582562558698876298838294119770853531504893350789248150035049112014564563918750134475610733469499044284369538936066636730443252865517077533099054080161844073303198895751167567619991527438587734686448088374526384549538656558286534883972344914949679772253181022586908682028190364042320331268641514437840928854918934713211618544827086851604882486987753989366337734803662808317481766790969315981154687121713589334182458562001148014474880
735 347890018813797125003038500150509161306965893348607703060135299222076951517241379230294094772219688820096125989575980141618543088663736477090963144341422851442394926370079307270921592752326077173580967723162770494075030134809074083680766023688014665541162838591127760638721877128997186948787965311149452210525943668590471461609886222336347326444464850973572108119480737087084955067231788069202814205222968560487673596121203044128957398916275924843223825448969578104581276951098389652230991476752333573825032440
736 1735922457655825486802028227799506619981645902977893871400619972006525749410847841994976112412652820079295086590277427751708437766347654618719817302934880272110343219448146340167713782309814278773742055653140771894578240633943483978344954930296246615298158150352518008709007293397647749122513893089933415024016795548363526963588884758757363955165000124798037855781332833287882205052973463278691546762695852927096458025598280245602822615654532865839936465671086557910420973635097935592352486443457435827622353350
737 8662033642876337496633452524438013051686511612827667956890410887480965276680228779830970185584884179319694879692593872016353521140071941115894428334251796618607488929875543299206762030115032135200457467686198364447638958838209495482746020003397283853514397193955504430995040261561962912969349161101714878076535250132032170833140300117001202510081421367315316184761431439778019738262151471509806699187091774256505163249360336370264443875073337013275899807408095640745731352384419908908422603670336190874418919360
738 43222571265851865636334904396852323075860978044806453419601984399324126226350165282313383758892045085185830956189028756271039503906532133546885405677222478240142882673462992284823563986913391930082475858171819890559180453913380586073388543114400409105152830089228581623589121173896607266429840697765765078517206372828633580045058654453870215979913294396575069171769792138036151989676689968618965347915155308139169215296688695703954005565534014475073909857300184685459515242776352453792809536615571065162644312625
739 215676345997438004977166428359610012698400336258295145081847001319757360681173655484892554135297968999113783136914446839202321897156845401593108361282129175140800108983254648026484260573172117903853098131429970878060371903168888518203062670655945970639280497973230294558270708195437726157370721814515078040148739688482773820666148964895827685036212346553409593957225947355137206509414470137143696962994053557910346505615888648588432961362038073853966335409994442579119203213446216844595865905139711850127758529350
740 1076206515685493052234616406905682593643004759223259286053330931507988017545988393316618194486621563526061277159734991958508679089751197217192189548265936449108233996520768919189504956108197843315058154011274855227312060821684906702336980128424111624652009894095682492594172383147727095885885634302491382486249121122584245765301159230501348962369900179369301441872653481068823537975861307081442564142264177959695548136361451511454490029712808071250926124732983734200173943621990875260771722373984023440074062872925
741 5370193021270756250924643264767891729775801696371109936629230959450096457395808662759325051722907483573302052426262125837711462183755318203189695522351119009755542775326595875971534540886670742397894965005965875717942410474154586840743530953692851119687013851240287279179955174487320950911135854379237591960254912296520317649846936270345112809796239486543761282771823733783326820954263859080814677417382933424732699827868191850241312535834034074421838431600760506511710120753060224306776659942428180082101372390500
742 26796949035355959873434107036356403679138381441222565176370600755925452801255163111814261167023402111566504708593586092625095668635525562895857802694191218463041522302824713778582490421734432921903020508822181934022632826462195192392043495293369330646294391564709356920067982455050853650768248924345359922971430536690569553299155505599040282722938454591084319513918850262515809514881014434360037772931446847492770687647793750503963985567845969105101134114036054316704984850423728633231094784563699625952908447931950
743 133715569136677926256452051037223474051123859240476667001377852243677383840747924863310150012013995347932058481515968174479854967247771600392369620785433703561676360333600166879562283584295851617781823215354077972501521864020313441283421550954375167125966971988942407170573987471140601648700230304001955200282104021313890444849334238862909900271234491655538801815657133515372485021569353597491555986821759851884014528474368529206842731348967226438387341046474028011822872340743483255986443944220638510267619470724100
744 667236465890281620754350069175989000543234871167609471816962832953721022289124096509513421109413087734796530372137967650790988347815664475329338184123012140220313129879754047921477758377921100513631965100556852028533587377369992077528689566733119460232527743143733461861929227213577590427477783110074498977179644265794433579590030465356449493150263079192584668529975865598809555308622005367841479267485346377493825656584762025421403180487557086237035068592273671517101794313101305186911409701402355215307859648556900
745 3329497827323853243169213449073022639754294962039168743824131275693971367289294037326794190007279913776530558144016728948185147421984255868847925379906614546286695887119498746548516981861830027372558658240328584697967441828089315342858815167721937759006210919941763339828448451344681081288957885864790033856985609814971393978382010243180767767629646886262310984251420288280053340812532059014738663047397788709572717238813123366280134484363148724018832890078109467196035785801558046525472115731185267978626369130131200
746 16614178087333736210503697274766525489606863994165413224144038054714924985646770580887354740966559650325579106519546790992100471121328330685740947137962142540360343111469223416759200705524883412760954402170149270827687901749924919975040183351742464290001805512013379964834672985011169805791055711963583661285210966241591835396495897253847318066844707286460852666053371865188144641160037195610146814475328099265358322751716513986560126608718726014699017184366758602868519994733260116000695610399055783144389754153911625
747 82904889898485304903014116427143421148213436692893706626475404439119088230390788248300833381691971997138119903593843191539743799177662435036176171221265224775770112855791412378325177579318347365220699077910872583765046732164940526732516191558475190068824622725239999416741092364190544939782315078077718055775978059052427407596506076451866557028135677863835205425556613219791109148321120797777309813332935357344684439555574051627460940977489520412646109099587574478077041146060346016343509606325238078860530835653517550
748 413697207427930227076595393103881591633256898426157798608726792570376663210151300405913843049532029495716162827747017794799725626409040619689971380056789059621996966282888075130814338338322296128958189735332794009339092339613415760918071708172668617043356315776729120850924218690651097797058650319405068136551178273466385227256346455637066927391863707791740895744886546783749195226030180812669926738908874399948255596344069217535892594961642858460893972323198944903075128900652398504042324093498517230175151993099581913
749 2064363565761346393865203690589192739760126880354742852667351125960356198611289119584659956164136286172387564007967354088954805951385257508808999895375667447533971623800005929254921338444860223085911039534874672518914364579704904645787695523001989927446172848891064078367869292076923533196549325437275524252482975050724667559363072706387597069773539466064382403387757840701400518420168686420429675820133884040597265559491364549717012779047869078654195879724779454117047517364257398746048694921647091408362341772814403772
750 10301273847612762485911135929058945958543153063933334428679815353555677401185078612351589059031154791080884257576362237676932125031887619882640429614612187617337594048685925449940500180565385470715496106760691414319834522256903706254727118513202319463447707581321739244510095840319932279064897066393970721963895182389204665276061046941116475302989179473455921680765204769762930100394347931786842498246312048120866301343900542905840011224087052164090175548911535894066658991211440682716216922477260147985568317803357355641
751 51403989624976764808632834838610719792283659859844058943273605937185412387482288786874736031817455987161674243821139228394951051243161084581620314398503191838595500867161128644331076096960528033626697649568997428309300260070322875875086163930802281216414861142339529524813019045490370189213977556010209259993233028810824429555859588469122092754560356529238058750044633169346285486348620213660235737499590100155086191191560838709657175948448829774810101286681507714554096677237609556390156914974992006679154098066117679250
752 256509743643049959811085726096457720313618954795815084188189580155254395905810627945390794116480383754639369713188500354638016719205237668646838044761466748921031941523113065912694910308576823813825272582611965458905373680034423357379342441862685357737720892663307099490384176215140877428189245024943510438204430549079250014888927693619702272532133548449550663397723044276839136073354217459229356361703710287251409884241173669619015150062216136529265644355994204545204266094017207207979894707019836544263464017594285470549
753 1280006124554369499654073756663354930742701135745366935319473444164240994784532272317882648002396200802716572053266322830526782701959895957540127684291664888828932547130872605728941465477291130974807890123268404873236686530050179474364248110239408985479961136396646694238543884374652129326703501000398256841876610007394894929232413026441626672156832906282641450507482410938163005303668094003486780190022188380852092606815266713819575156386714996287805725451698359951308832462462008144827130996411896179445553273255694596144
754 6387359603523522466125478438776168313020541443625503096008360781515836231491528584941183270542878315016152881337271505245411880881504337604861260761288706299600976814781715692491301962852017217287645564370702162196635071270908713402057286228112105499849763113443708088761829365453536690341970494812680697523816643657666747507643216830766954384420144567980155497222175904867445904207087821001711835544844304660753965020141616861217237534645136050118466345613475753222753593345632788595019223020264917376052870294035244411071
755 31873651699003464641857317031601722935915487130764226032252551980445356836058992506695260360579725450090690930378167507314539062420119803577463871398048273229121258715782567748944949683792433873916801138464048886818185392318449099536682829627658531146546915372878935955637738951379241956030301617936675288863413789855028766072021502526117942445120507840215329315186889183540902695876802518820750114610587640579513918820652750944811856628227875638175579982247998843648807207440253377808012191315901278815547571323611858889418
756 159053565980480120572086697008214175101228249250384926651260506805722681247200374523305995963207203418751540152950059490265829556639845968762849964416440849939415102375756843258440144436519115937820242814312916462440366811201461962932767736023102959037135257759707181890369566951502127965525249669031082870842865844662588494901417943950068268060620970214966494752204595645158423063746846498781686800375003872683944346327946980172348330881839200615139626271334532891073024482325211670026131657192736762883240402899700912830035
757 793699538816630209354919334991225215028931251347136516279748450538326807253251265181398579009940979773276770871396538999154319189759871034289620020613906667966590290311929648514743569334047299953762792318870585584221658640475382591671939262021528417924342418231817473353922257218311143909008137315317259145589027118706019986816663762738123646159729989847121184105370732912639363409008851141817551843940464922655493562272680032786835208781923885907481083692775513900830642363851892133046557200139448836363535319047232596178572
758 3960681977266316260159086678106655960144900906243306697156984192986102666589509286245787083650895820765495702950233145315736075536016285573855684083549876358613257072095048479587567134723048000337619690808847010494923034922004054159813018903363324505794806665125768192213033677696451896677570142446966101574494368192708450259888024521285383661105553695152886505704976840414891447555220493153619569319385211492422025234678947735869656476638875583968732977800510431456630399626482499776215457709389888346148756982206146691806768
759 19764459404700221407628373311474291991325958061816385335639300093841755863900204222749183554066715050368846737006914977197228430359875684789755367627155020478000171199675781585654058266703893045135161451176936910119993927050876140772583726243576628838043568902464073318040167819419861643113145718804172900530307244893549151561072894871414299034782523892019001047886631827869545023302610851986661792594308118236762252323986068345304939448784636746228839223205004680469653489470210359251532866972544330979030155651618116760694392
760 98628182191973444898123783805300537035024690766303208323019965877690704654036755362192848936477139940004208568907295235993528080577349732175880105140307706877469415842465785666235908900518511402813776839831748210163436041145166225268776581599955433526450476988805167595209506575533259277795012739603304587474118298573604541926770058771118199708911868969517744704283819368471509959351147506975998297147193257442437960312289589716223685353486763503723020358346465853992760577169712686920703096571219851132293683525290356488707246
761 492173510093581247847021850641185586697746908436044446103608787062489356370094495872488878349610052039342597528766875822614411114211163096831000760992562436370527102533107057031450896632464194632191781228717515712530438743753614699739083723266852356126692565943411753300600209695777389082366488804922860895294445180396115562010027175895461989771361463663905555669712938825131429748436442372080244635385086397051048519824046270552529605598635557436265503780297707555353823072065441896137217107450117226631129537370318863198392240
762 2456046340063075284236241457474321374036342449015408593403405806989275755691103616427937107100776219607258189844540627193556466089829605319376982359006004921421162878062643765969011864994881967551711272376784946121450681906510781901510133023700750759940627071269821874621348483395870357978028391142069432751152501113303884954197246012811354346367285079785273453564592461528116380059468169080723283693416592736380592224500220900362022523642348440041757117596725754155340617196403649272886607713718261026706927196858639376061819699
763 12256204257402041511118049922284138613914407195290879802832562590912905123031314472928808786415755218882022824844611648006957519827548015063707531600868033294985643212839263151349379761659967123791150412312614100279521124303858690112560963820389799922512901620477531381264625598235001294797522101936811661431045535983186960932772042794567247269803797444936859211700946669410336587767043453767798293180665930479261757396233725996056710652524684741723203921902196991549770708451839803190838402905820465486911427096067041896561734730
764 61161275325953698451241703232848728585736999347876165519141193880700122179471388377957858132594208880949376126662813072036584682175994706359918685368323727056982519132268846761161784926250995973144617691299575564897018030947770661265457934185171520865266118873937738713821486273070896506987924318929013088314273452004196633551258025498647046144827980981736866918717537285064516124784363214712916521305737154560135457395234222862769403344567806250804791986645876904347992386661766340923959017718098918822478521710217802054482380035
765 305209594184273755373150952987897274221138346974606814004298794054689062299803469876266465757041556783396736633155986225637745472625525603186054023043555670743815686743452224261745793265807507896991149686429839611433653174981737128401338805151049492655776144808149054287579910342015391905205745167171672175933423568001639142197215663572529426629712003831451312353671398044246435202922856345516811875146849333220037750344664826989764743797032664936552882109229582430972479610614703786222462542340469675407909832218838346532395678980
766 1523073751214428014244572410241135059675352472528928474884701075341401449435747512844418148134169502909917077116837482584411173331220695587933355853145829476767074084089134659321176090902894128272938058772174656632132898597993761502484310858685837558624320655300911850336910968753196564866239619533807562879422298933449320226533006282583789904902452185726559262172685359697167168321738204491485095084189906022733345083039660498058090838761340971627310188693193598118281931667717572512508758320558394521320244938973860811992128797675
767 7600545900040822746759989405734515019441488993414290658779461955359586621512061291890471508060285367324751689996348154858553658589966375446878021280067771745771889292730708353874999304827852870152185172684770180698952439004100077529570381919299908053055846598019150880542401484637735910113867956497627495307360617146200565994777097191013624913593582290260463719398268430681846998350694753277764043792091506990356292248897368862332568688286891564141309984682357634462533965390230271868378039527636353263570001523811514089821916828070
768 37928855338485760895573939206257921050557979383588787307782154185285075482071491563350632967399024030951269591514459662152927104249236477799065658004449581310962141836304337957530099137415473351314142934410369692645051971190183723186469071039894115949924920380143196093195157839465205985491033601758823531921117828849632868540735987066021568629656532262839373400348853543561361461947670095956725431902839537589843316340487065806463643176019274005780999505511068803483486435116947814774262953634904753432433463763481397559133221197135
769 189276101037494760999450686251047502621911492843835084195534954750600601153157333850708006113525436859433264307176465242041487430598680682323545277659997369018875286430083965325389892328408882744252081387029920903161532480926580480184295054294795402995035825361207338668843426329639542517240818566868909990732724210096004771129871032068321062710215706442736057562131241990728026939897436893505326121742188615510429205825389228926277858490817367594177181406843593775956786397726726495239310033995948961021803554532117478824153102275840
770 944545575646592697666721746895415029332412890171577034624259882635824413864347451934256465657545971604100447922629276084432444105570225214421746557825494527108522284650843063211195463683513592529105119007137573994794201754282494822027233960575276929212717810698561385150554149660728223453860303046262791323781916930646151217552040918599938331820921605795934299480007702167920093997438809796386151736642757919358296217673390419145539263743405143914092824882114619074117590890228744300207778906867259274459816241828753632436395760184445
771 4713582839810229894266646247444075731199977841191857411128199595642944255611546736928881319745934196459761608889790942608997901957040699747673901713811421416412075199096328910553866968756548484978241358499534110768784037311071920395703719400544604437157429469508320378954149593524534227777328850436314836625440353787818851156617981228046557877206924733972075722710151548245344594707286994385506293208714432426998939165609149478104463603038166004933634174065444689263186291935775415350596227018867172165323070031769083989118163016826350
772 23522336385307753345905872725988717532851561987955048061068771230652366335563096868575981016484702471646368615239710696797948752827156348729034043410351673021500790910514287267355391872749832128621245881714658113808854894862850240676810984867234886463647054278129921983523231264489253885943624897105549861374453717395108353029382786343403617919423330049779999029139264567173413853425663265774018123420948222373741582515893916006502847147056534192195276102385332533339030058662711160526740493417278658405712378194033654451284597818091305
773 117384526428836076144523018575656136278490623961312201006008633788269561253308706238519526801996246438857672854977593200009073913631926438656360491824413948568624307827785971077784977994014125994846691705774487210239861662384267250377374320927915049513751597024501263533562964120189302047348981516575074670147340716059994880220298003491324136522486101212399234259182336543040396107410080378807543233539314128268231693229269340591575327840814806839135081435936634041279922916245684358330945083425471745426813556090052136620259526173456244
774 585790506002635497966014590160591287367727636074494015110025428383207052715850103652358134127629391099613782010746933221696839565071524132297796378147707044669432211919523958183935141179367796857294351147577369428890762673899041817563536026189657729275840717727118965336078888444247993246136141653018112661347928587199940593491509827205043890266689624887895279043273034362415420792469829919038462657608263736260517371465996083584292509650232172826906965735466380602543773359686906764404411190515811443430304145362119532012130012841405686
775 2923310073976800496413052441172336833306616293699756372567596124986219964783656209681193024099834662584524255246913299977039048774201671544972477629825964922021550610474128498553985507836007977726289348902451961262430402911423490867479027417301955140460318212334143699654661108128983018715939182289346658867014654270348843353544717971650295753723664305755426088478456374978745393530728563207967703397220113877010516378372436089395876826294230257198259459688656402939668919091956201870181634918664093114820486566684018205974570300047000308
776 14588428555109646966029853301484262183443433502067387368373073524393942937647731284328685160715740402449751346863985935496049038717988421850804191297196077038543918608081844877941677490795841725545340502653789998455288680358966812901657663204695364345411073123459386495798455340550227585262361192352419538727011708586232477549777070355935035790815072610370422763495169028267679075354727330705340047199635547880109571887716455958394025655145884448920097188369226892330575292716175786230305143507448157847455455232022966769830493038081147300
777 72801984000725987484233428229621368822019063635402263946511001702901002210576257566193269531029713145519445754114930861545391259484651830235480757159195437106961387961846317888178325083971274093413496634555131644803755333630829326029462509559513629585002261507965249876788664890133739816700231621860606332995826632397844296078039267532352302962595721407867645508006956582108455418982773160343593916252211326694788921611551544308864175630522502661111218614420968479460184992126988578741694239519829430146009674027998308744563028447966608512
778 363311367543201710244399563725659247647136340982467761028882093062899639517221681394934291832460465985065837714276847458369380493729963219757414476149198142423453300438381137682801288975919285722742032753394492652714991201740246536053101785933666161298794170449294146547997466210869371641796948573651646757978112534708230876945518442034424309095489485961645120077692406453692771494593469172359892323409658988567598045806547180889726323263159961351798816197754338630748091251022069163052204077481841339950431514806968758919751445345957715557
779 1813075232364287836342242213206494997990377603707968980974510001422201207211083353242366699899030098714662745317655654165733063915257809564609849655080189135760241021991365657690576213499532945690089620837619151832070863490905352637663014267310483010502639891957052379836597921391805998932565991059664365589770215474970335690421945136435870655716806942816872923535613172707077027569399130514209047008486947945200138600560233167928567360872992450464753755652685929484826632340197040372053405628773600970032426534911749624030030490176605862038
780 9048023670663936869186189619138549383174087599996990888971034453024326744927492073317954720766416451564637568852730683008664932384185463317434429556827047040161900217250831758726380618005297325341904588069758041191817621827789350897112260825751355395184699890899941527525397015760759029035489002183957181849297370089205299591154122885327640893665169536842014245569203038508370665732678348908534235942331438957160859934544122598349004533744369770129416468581208406906149714686880628959369109300429407806978448514473582305941019623805553735429
781 45153632336927104507301000236851929595857987599433776378796206212272815602802255012084116840644630172919070273316895833857398347155725498748082658256738270389761558848654634988598310937295151477675192329884167641656683027792975114225156586387465063065099491314520747495432547786761212889370993955965849145644564426648331585943798332192508436428786422979049928907065423180453204321107540390186424353322459687787937868464407579538245421105948732239134162451446410277895847604196039590119812492790923684728279113070335854001900731344101226942380
782 225337107642066484252801778707881141212303678847697528833170006042898665034647951324452503197268835178077174824335641839769084717024980781947064211405654807789034178182174692944721495852767979394784657448976490156255815888119179615846513157655771260527988218930919885189464588848316690617710500643210401407496885348564208061624085922963689521559019948288066563496443639264379999693242491901858830247358405603849066418546728207863868995178494292890970334411388768003956441584886814232709860737414800514974682493060994701101159297634853911522091
783 1124537117582672888692969270288657242019284990727657800908522607165339879386424937252196241184004896649916198425127882237349015130067015468212106456997909501255849229686499291270513838564230949459318708511302857311446595408905780979348396509104482555572846339904936342334244057200544236155862283457054215107308899668234792253700186467296331673588126870213427092179327668597986854198575351587201596439139082210918396497584643366219008705517902588189732728526164121303135302490008076417637283560110742193061001029342580774968807045288327768397574
784 5611977580516529559842581781171108504844965464396116524037911617028924011134782348205691651088045006007781432693185244645346812383743934265770854982346241051881019296424736734052162180286889748967139704127612049454077446152564094543423414159661339547191571136618318402081499361107950306494178169897835116855948675244400582619551739339610216575775396250446505875196132237192568063525640443119123519224687144656520938259121405311553289627600720733047473313460419089838633595969670431350607754109924924730108283970293075827374311250584072752354731
785 28006517587725231659897519358511272205528544685324862845411360268237249816233196266908924520374771647751467322425426386747218975819323166682491323431433595564074008425117117735646498760073152149803388026875787544790467751866902295471410597631764238508835980962606476520069093352701828181714726229525118799960299114416119209313092453403617920066567972185156706268553397674595592625387595324420120381269376311916210013505788039683528132784976459783795515166399970034840487623032957278857313228583162733783379866828202788417452885772749086691191728
786 139766581213627747586135073295318183537575845410720909182561727916964430365403056615763441812009563812022812508790163186570817637435208260819849539657710325985985828177590072701062357935935758700123441874337961255275125570774738949902285259535760317352304853811085454047312097256773044244481955319258927645903464550591167976365524485625880034886994020951082571619808624947232590530515954541605547792502995517165835000787422224523198208560791326700043868419347287621882580156193795578483868126178728607059577007747348855902951637731746851858375495
787 697507077989902910210917127792467309356836451866326674317592364954488254766379564318658207019066450620309120452286344023998216246412375290683122141348990527832145889935255968044087084256594199495729852705298993675083052918606966253441488733814533505978767719465965180667431566360144428016942056310491673861362815624814080024149261621329315432772549560140716712324181354756916316575626268157098414543222036090980727903004889125974118327744755595670149523756791318156691410918643922268880917621249709236651895161811868670143575427435010951093785882
788 3480927184325155115713157678576112928538013980367753576401430145616287734155363031128278956664319461792721535976581486307312170901380436861177682347834079955693153082161310834560019248004363880485449226038020713207828413176319775969254528402540713255472153456070324282576291232890823831833831968657676178412931921874696570167842539048374268877379216676748885322160386489966268786569509693611307086090687414230072595628613037506311659885582660864021151132526535344084648939295105760570031432468997304133446363140243367781377182731370581202503118955
789 17371699105142202108212441078123846168448771439148436435846999791970371633824064731988181121310403869699548715629714008472930359955761757858593582656182990312186611395335748754413735027281263815648470796101204095327404897678185419752009538013306658214478476789166020175536358685840392388701743626414206898093657161827822054710795267781035881986782401386457979272152192252119730249528584222243258114552953886282812930520881365303344355498122256516099894097697012486764698831861847687811694410566960273096442851850073485171110539904587460008759131340
790 86694330203608111063067823369029618794584681799285985340567862888112071157572864314152738300206509819127848436452223528824778329981051906776072737231110986155655856668518966762191560806057540380693921239869065219993175149869949533822704523012686074355948028968977372006313609332184915873451337300399845141439156858041644065831617171599606449946917849162203895679874260387910170620295859653647668970940667689240680717396740648037035328929889075321071998236239233911855659641405663914860469006008798153663160975955842935422392472071466294784045797920
791 432653406784782809548111499842612143259966318935796823149018739707874870819762283828114378433448643496349307560031138754811617728906404992797468077291843608344581375881016698885144869787765890923894374267494224150904066726840296246816702293511625765964185497099324065625600854909259952549538401164783124905285778995682756822993598296989644819534194289120964196694128987772195600445536064276928798928417610328107718182143841769697771238694651633367609837473750350460508023887914593484521878439182399830443719862075668889106707403241576746590777370200
792 2159188667845383230815430787650917285679701733596061125517652212389666435985803132736536981018483289696902109939058542950489934108983081278437145158807985250875934810593173519716326547615972306239234472226171260614535062805899640624411685001204287230441310571590900791172324722050885711975068459766007327816878708087930424721898595468078681593925887943280617420993603849135523037431774000865363995436643686691109182902317424022889718802507222616843948087838518466576271554282724610699690365357185997980830791311493912603903323702945759779331749316030
793 10775615501884593422235299941026554855515335960167751702399473934371155500805611205286925163763041984471087076970251449275744187117252515370407769920534695974929438161624575660760640127426378042777373869306973439659357397565410141217995950752619837088753479595917006596729433988297885887462819471360785069670477743825434919771341120669492653815399674220843181660994760991265414731825782617338844229727777866475678499976609883146898289251329852500750214107398596405503897953964842558759994875005431861624089937107335309827244352631773852317536288355440
794 53776756883986268986285425835622125155675470540146095362977571195464455891350003636218261220964704687052086159888266123380280828200943663211906971927010923133556180710011056867614858276336487161917346876477726141548050994921516037629281667174673993529797229691196028612556530204588327911013155162115691776348947625563867472952167487533807477955774559094500615959188427885342921789858750374655241156783347368842592045546072986529347175672314684488322610218746761263160632841395347300519723729438732172799357249918761199189778102009185147662247121757835
795 268378767118792198807851274862130945345644225144974887020634335227411682777402567019897274956082976523170987933021611916910554501914508888083576367855286382609804532381396068929426788810264300738156925013066865876034347540804100652843574532450506262989854550383698811540407154722718271444714095535377514319793043786480694136137366015492495927792702119462432307577336773095918485265348055455177938194255204601361469629642736810399827439312033272972805130648637812189419406009870003923696759777028440123821273994578229529809425308889554312161651453030330
796 1339376643513242951904770096696207263099576670762556870831014952200370964006784807848329326264231997852488877992993837000920938351855335190933810066021987570924037583776726664397769999825282419596498887505701445908964968779195383339605524760640162209609568963104139795557783896202342008989924481918622557179365552350508071815417032407556977399128746081495098667912503291650404327694685057435221363119632221286614832541943908995435550658654997354867085393243706385162298274719058587836198427920965129287424269951777750468855686931135987430957921950639275
797 6684336556736582528799022724520786810671731373713833095451612602755240706176441490024869214008080177740606541246095803980627736478414926427976807401803000485725575313380294825622164796468545389130635853849377616424302099699433152699360976181592437012073596329644740076746301614034582719355496277881051595541364532714519853508279447579047977341580101120877699099695084087754096736149779251993731330296739046452252536709149911548565199094861867395059782207612875621169849619462292629364233818796768012664319666074721603355289102484845164649518587232692420
798 33359145119492881344256758770931069104265941929095186663968806305210114985582433085179837988357608634314713509208559990223869020687560391883900926673717490410112451331660475623728408227987594894198859154761423322045330028490122861102269769374706118891795353249786270556039769838359477421042574985152162599484875705676998166535443816023685989039180142028678219382095043600079131117504274830687288382588327256521641299694044312907610923178127065597288122212090411074400708678877101115546595315034899025831897523844685203950444627762308601836634621080836158
799 166484011210795633889523103210108604014638226761592301825535677767052566494025237310844670303197672545527264905521971859471777669227141493222594790128526983391443576162669250229679062919901578770595848610867568376583425634451230403963597476245151184898656554345933961087639376814419006451614736004450835896641058887712265262075749954535570750264884163426793006673858571000532075290053173957448057984638148812000369319126604161179057276919532860126881455918164879198146876862611319198900807140962144872908329957081303226298198463165202529391970748267697652
800 830866332583917145270223296745132672982372661574660643468427034174462776862375326003339410819509823535198482017367841321610465048695064018709876290076673152521785319091307254099810309254559088522461351897993242944581451974504188563022645845099949597880132115439639615658890242642215285051329032562160124888858308223090310733790618086788242439656969936758754845633835731096856963127936537260622576939730306914446174425494527463901308084656646976696856102841492371946066445422003051475526267323571902499352055574564521297975857640457847087356677419110056756
801 4146587182438104282088897169958697880814101284925626304095362057441752020818498674697312777091951465633632184479487858314930165621497559641256763525608499856343864202389581106861560835209192680121448769823606544542289229437059028897408430620985670363107235994986987656693569982449364424493671227338374699924227107220379475256154523917629693767725490453804816994988752161012072504228937178325665793814990107006290241800681027854192147294095629066679686401968362283564742808081394939237364186462183680955015867899748395837407894845860009265196936400458419200
802 20694333669834187039955185410422930318627679522325659440825919287980670122658572321062533614594964860971961972824939337726050843173943109608537594493330241204066343034847542735890705628765111577947723232149083444716044807631071039627103224720479092969705220335735736952583111749221293585393320569681754274465982766651252124550558754930589723700033530908108191515296670616532373577550521464493213358601664060549296525449494806326584340800594081331117887413021778096761107724320131003683448106382595340615556175733422251651963774467163287253935309913191562559
803 103279255330803539618938724168659460187449701236194625230045131191478529566881145003637062474672552366909801568303612253250069208904843408184340837945408459483539453008182253617988730792887677425381893443448395476901608521410728650284110347218820413491828842699465791464128237381562241178409738746717255354723453323904969197525846282882340307616858633801152635859122153711940079208393284321270935733415928245800987309349845551255006038935321563530399032344291513889257693216524105937414113678541300145186420199974852125422508104111756200089188202840302861594
804 515437189567669421207472457912620711728365819112980916633196041884804659553982165274196696954703910806582786887248778591201288310438541944866674125682533140630581806817191702276699317292491795539806157246999363648273153882517317047261428745766922762356481470699156100445798152423862404298311241771255086384355614680668507688447870013197141387040995579808103711918856809372340779511522381097665582738335350061158697925336278375203921134506681191389924101260042330291757788390280824749232317091167368101632561385104785045191986036692527122902393015155017465171
805 2572405337986779940799971272154560059102420834740865066547232417352384104136531791607851441377817332597287335198150560328439033617413713644997756650504062513433847995749676336546463604962926746594662455630419043324715499473423545132668743240471576167801560099940716366715288267147301071234069796227699305222158215740476283898814333123858214676210831735721156232134743909281068079341652933461812633495298679212573273017697116306989533314862482794145170702220444546770194092261848257392221377789448395743193731297617546295836953794906841494687634199506745098268
806 12838197448131559846819335579834389425270992327474749016850536270801256562680570114731067145720916711053615961989814021392460531076552600917854497569157757740048416707524760862393271135892869191047695050771431556004699589813318594484937102053453276596628655889636462050233082877713964622518616304715070012519753912914134087816185831055607121784562381126651667057864602446619419356692127800976093351520722008087270136911229820659858696150683593740065872169161403460802150755429119699383923611122417888698409849434107023853069294812664783688849935829917257346010
807 64072208475590805369182623564587189137644457828208389855350644434672866888890296415501689355738359247401514160434706077777328679763981846719480143777554812242003514059140286175200343267721840431038459647624226894641122330857437433070836428543439754575930621926982474993204362924263419028630185898044492739558085370615173572847907023927354774139473630071148874886231081091592361439446814973814851587069840797737835025997084704656716331671113255365593626577107850485045859062317656515425044244096758360769713237427725374098706960254023892868132656885399039036172
808 319768977849847874775025834403148791447404583481975849525460025686259546818858754367838072259529951842582193534376697539411160128001277376443863356337695175699890188359164889097853184184591630084714203094187607876124589904830567985410811080230312727586968257606229644132993447595642669372185957423023672738982909794948917621457811276294408149052734762117036171657844497600271430400831707583143146898736282297530291982518948485065199255181273310442338900117887806390317552503335481721923110097615320718599788371609728964898991105625885018109227471955181478724148
809 1595893673701730294299342431862548121852867421902479607884137595855306076954670781238578594756278704361928223372111036992591686765056550619358345120230343173218212350620962509631012164532154175154482738036090171040480251062826114295640506549974666560479415457232776918684674726214586963670094798936045839759338969166908690457147362594994012491288232449457607617846584504098246319758744013576824639211415926652287863314462319245368800432073034183925390048476051574387724072731052079228137328699633467123732688277735660758106507029525980143872064769739771124837312
810 7964757630359944532331440327085135657444972692546132376876267832193851257614896467918164006559132247823884515532672523424257363528981117333025550986574801584733149615345842536265884669610514952590946321903935656007005090845050773759554710303399292299329533809192248776077166814159395379807457306383025404405918188644214021772693664794838127935764342906469151190837901550039886554963492227392259391881329307589019100801947045173770488913948452256110543853274947338527125547930892557716378937420897045524607155435210653045744047952928230105458499573753006206477431
811 39750460185028968520552810525989317768737379937917998934549270663684271994557955097457637144801501766320584834740640492475449852383613249059262549445231053471965307986784105490578589094784732896548835324814338121373921830204455300954890101427718027804884521436381014571931149551056913118873446253613516401488113819603720717778274014906780726141687823835850072501931343638982898696892900693126594604150521986800531746747040753788253249909983593306034010569950687961502963750315968914646447598664960789937373303360519513675150729342760622866543767245162328076555090
812 198386784868165208985622536496295644310220466844072467097890159808940649814601977764099123679020589511760800749162461360775503321911835078723898826086460498273681243412353915294657547553256059393197272555538825381260893653018477857844792456542276012732467585327175748479661503792633092328120555190481829283802505917543627646737523196116417903156353773574763014376175085752939246354443496909953336665281934772401140916998912143450482687989485720662683390558609640494156598139469047752272058929157710002478939296296084757240537364857281032846462803755679183604459239
813 990111938858781472968619206181994993619324618664945621379596795685406802577293400630882902365784709896003559800598346315879986366658705314927540909135762713443776767381084355312752422323012886444548372894929779508745833852068782475677959495367545263318695949354218285259166890655866861983426317853591703502316108758164294601091848817870658270720441449493315520010711337221602619610347301478626054632569472016659395669507587408531927975850117096832943130548519860617122760075000714592859187885668114423937257832631082326052128869622162710635160724107025118022439940
814 4941477621153038065561580753726391870998406656647603561360649149966868725328271927173162163902514203235650292023723981503865331432544250988431626443016291641643131691689094615836889063447379865661463949277311434914639550234477885217206902221374743094533484860693291808636155723065126328376291397933917442007731409442616393315748228973160773761803303593366795146389443422969262312999250676742288621920923283680573352723393616330729264070633542274596803152981786760635771376698036147803644904002283405240555065493823649679740953135702121298426725580054096653762759575
815 24662116415974134475977956989088705240497395034961799473244003392005829038643598634954320114022265272108364481574404530037389531987284592966620917390366106828246442166921438725009161319271716173312278503721607391187542124162301903996391878316181043023605152750045151941492775749330393480888467508280163185423018679772425990230100085440560709552711640007218779649139666008312603491575513103706996558016641972249872567306993419052950123228809826261478531740060911284009668933005427028188061200026180061530292099633462435894388459824362690653377560129701802531284607950
816 123084914049659516945599736205875878061241904556887349947426348863901111817352211936658484803416652053225884335622193640648455349060921429489059032295326617310205076898651903793840306247149549770762089267281920684111663590285126202350605533026053974280463547685827515863418031827054389239018654153874122926719813568798247650020784359443266446814256120396438976755509949813860688389241466301984876317459700046850553478690248022807491351344948561714076785204156428064270216621138265067614318473681278345814096831520421350956786342229975571930608299309915354042460398875
817 614299667468028342854051361874367743781313017994239547471181304924682171830019297245098941655969373242437223356034519726252555572569025226409556301718893430875770665461206325426631075739324142342231222246017274873438392638998463865598089538131133653127636930998675573143208209055858886939815599434485468889517633342519312240795760831559807911963331750446638088293938095696309875133719202158711289173447912186736401142718206304219559625331665006474359000668961741650057512161571787033301087813157816990902227283662618297051189564573142239570983294973286631006610534800
818 3065890937081228648556907998753130625327079976149419584113532399848493626063415698692866594039469595144373592942421088054753500554211217869341239186202501522018404819880389168444471021968605115579051214551005909159946583782161691236508228096897276660137747117730896555777756304214913687717506149762983776223710042047199945147967536865713914075398145960782710048870242212623185803314169940863227720353255164739172184286204080017230572361072059771483462086274002238776303135607010563926743207733592199389173607527533790515756767054476372311801399466371988284979450865025
819 15301502888268623087091771612567625525973078383094331895754107171094145390953112730294534129842100550428823037046528148629853957389888769163016655372141599332060608914786241267842067338835096363859188178312172264706411568304974595495993924416812972460393920319600567409884751919060283664569118547905191702837161112219326772313279823349424842772864762072247366291704143693100998462403672466342472963585776278548755710130111634951733393394208987458646806659565824161405353541060256769381457631691760020383208700434310099297020518059446687713181272090874239282385962063350
820 76368179666110168611490858217558652730706772441561540280927386997192965262362198297462215058446471405746718548446248314701384340044639144569640179674289255726792602401929361964852611428442867034858946084595340968659306363912424927760159139477792328025661802404333866160420370224626800538462331657562276428890251114918714311744481995951225651997049728505485389663704359938751346548529015808866950389493068353606793331087561314528517190053065410807837006034556802647076574900217935621440006582387395800016272442991959419111431147013452087160295599725024745565995704538925
821 381146336504400034118064032102529969584482664150261280056898679158074946836357657787387489598113209097894853492289273587950281339797510343163511837845455143376600492639561099150563003297963616445592626379716699372711510025432190665589393497676098577806435490355533102252105696387549080398317013759090388221674768324364216931352532978680148279654985679498683779743409098247253367531737205796493734594546456274955607670629699718506794645040559012763890979424727267764669455083574847355353353585513290274582720353672204075154192933831389315277676894817371726328408674616500
822 1902269388875341462086694002248805306847058060983452778857066539879592513715919762754637518552945830683828077455309492037213422364531114519797842198990822392399394719429036275563262617191003897728050250250237697678252916871804791183434639610749393861486683879451694260299143651298907882869220621950501016964920977050070612848232264579461199824513199077930565903230339868827275515116601373752806539369657053843377789973704122332086891335839172452436793090581247045374102100314016241225440160989972602964911779288025776521566659586061310907600848879817525641174831574414200
823 9494087830952470137278404967391648384347181367843763184910370400634074823024690693166530747588696837981735328055687014878887297727964929836542668733030528398462356813458307713264574594707354771783337612723972806865738396782550572452191355158357114331543946975832547865856707473033093438056987732164481781285365371671530690773441688952592489913413639324359195454532339788701098476743860722449718598650641364243584077000769836447080882216835792437931859560294567393735975444709366139575892546901354315141099113999670866026291838509536982553444443387517328314108255040012120
824 47384404254681116108900961847304963115445888696412130940405625062486687315744216582247489951258560404950414399695192225518153299523546570967062388872292869993557520792138030904469895383165246057352716958754077683824830780240185806148859156668709507690172804695162236520781835969576089586155462278532698820011798521257016381681859428726784271249124954280872705733168863945612980719261438738299252905625952096407410156694956627253293289523368142299152128590367696971151446035970731659454473981763271411219333733401432998119300044205942409939274643638643349202270803367839530
825 236493144603230530681959439361800532176865333104970828750765981743234836400131336937177078609593379175834662680291384238351780079509955145439926293890146286527638907155043032434977719986185132202069016635284767796089503083919707073039436615926185529204712718193601606871744025563314194249850961866020297450225439936336980005115175024205986244552543331690290321980172066932634364497101219130706089237216861285534313934317202713149988842704903435531927997975160869445749742687947874532952088761295752654627246304512015622013338989324930016940450336815298837697703174735053840
826 1180327801440883638170312339927747012870249651294138689035545946721186739574410323321281233433524839076421919654052493997735213361115554602062253412824122262907314502452304283580923238009431239276208876456473943295716708170719908598668272496007507046215629343929977023980692114577271843040979008908831296989070847301524871957320710603752999396385811898972067216808527443088189658380232222443380834721524344881211107642771730454287101431235512706342388956966417970759484453764474119856782033902332760782238907900108959878837113733816225650604007146453827431189875437559300125
827 5890981572069883736794250636300920743585397198424028407519654303662250433886084230768134492431861376596260948236736249592857444558700744182568962175717691686194088702392728123781677216328682718376890613772838270533218267095775414209575385140982882951874333118403514174993425423769063179683463569630835424021274402628212310922395337949288798914740282882015290971214445260094864524190380532021489183021105019235322569054377088727946108783311274442614195089744949571692655309811134318767465753152133563653202766094902729153394937684065100469921182583936213775317483778828839510
828 29401780871387808850718564275926890988468262940989133768561388335917356376245414660228686962451892035307404558205576632264353796683760022543931492797896071510798312568383417650282819676535016813712096924515271925739257501350343597208875093559059294418650515901864210698425181166507574552394016442548408010444488604709520529924308657033668736339324670833535415661379030113621570485983059566107389498803946664971363022570096916439955398189649594471584258456802019706362144536668890755469396698336193021859894791878270474631955571229261748064598921943317626132191574144142019085
829 146744066978990272694121507563459775539400086761824178181174485137126010453190259443112098563828897237282199828247725478764181197132295865550247637802167137602064685012938988663170131373980436832581476041771029279845894452642718733604423752577307351208773967935013227026674457984333113079508952586809608740562325498904612587844101278718520846228469636426728269164529206091490163365517136474693137379621673284332243227686013526714789528435887444707973406456184210167060608160750292642732124843779043606637160220030430067529284697955491619639230194277087670409088041339625510140
830 732400119096889849184024407685616749966208588327152938199465505000913359291541551810597481749642344978362957102271738246766908688366864453364810316518112564681097140056038078216697259892919186461083600164176572347973764888446253406116466132975430848041499318094256383918923755081100032413003128486071105396821037967984496786843519996847085405345982242094738086886875474360315979484646733370473269092648986389909607722928148842905196690817333247985410527482713714484905725148627810247249782870819522979461062132306001856079807059260752464276698626671463430315650599961940614995
831 3655419288690819981085549460735198718195264619553993014572560625026921866692627371300010441570296921995255647934352409933654193923999810215494435476392840653689180779431824856845008694062983849610617762158242235217865276123950083200470130427368653629425595706259774761656486137822034078973244618535799632280991382595862349522412765471236449509300867244234019357351198165358151568742621822107220915469127954153546795553171895848206517039766587025559516792399392775908042024480413644101898089182063934220388842773878738371658731441017581337748411042365887710813575297699987034150
832 18244288356402509401021162676850088148056017353189826854296603545826600512559091976971010638008560217440549497672296261001440211377052876373267157365667500308392863085406648537650714937490324473973318001643148794935517597762883759756167610779801882888877024884881520694554334683921708066563857909197542125425575366024110181278629280007350516083086536813603751344234864595043305888281168425849496053176099251633162283077058626509295622721363824237286219285511677621384775173408060923280854564185967831527388222517542167354045058013935041982907822566267161451428433198388408372355
833 91057891522138665091947927445005321873746827180104827662369467133019090566638321456849363732852909699139503317874427010637180636303855886529501199193042982706722361396473082717729055838924054293099508859361574915852151161269450073894628622179374847610384412063777467452388623379701149789520447245387918127237982027510388245833212525565910795395579421839094055108319421329108219223176631656154249280055345974500840934949552455120048883582382000813398955712903212312490742846016768133470256618384580751756077241548260298717143684694569945874179292385306702213666879327343199337920
834 454474146947562502643675952094413906623201156058089102372726482045719536265196345267633551084093686482682857876789834706363646982533192468586239927513473546635514978536120520899508759106502516382406127630122315887690588205380519608418680326900562130233458820717645902157079860608883826661737623892982880301331096135491889417790331655421799189913557426804572335951741103943042667094049919573697269302554990672578609648541632021042260916993636025403565832473564624110847233606607537448720037948496363434502447931520756641195927218680566771497083071794668272060838896179081820428855
835 2268306333674687677887673004957951987808384074418605794515136811147264545524882980050769891233661085817044308405077473816957237171823574627884826053574207192375814462229212228106772503922191487020931174221298198259043975547326606297570962852001433262024406633476437141242912082262749558660913820906102826257090241220014630666600744381454734851096296844957705280608640937212596584866010416447087646252980872362871241797789620037054993668573197208924781084033394613038048367780081925255671541354299847173992759395444659462109518861894170537414719936052383324641073584763528436756490
836 11321270171041869893838186736681953171249646947581357073758811121697973213185239825403322344328760971257828715416469503454405881582608070285553390859930180673887715793399572900156003639524187442389211557963730836622062173644754999847165912250552370205474924148470299618312279341375832766183819677854007923594994164295811595340437454664294734323495158547655796306432063571140542548857601624110003909986435528968855433986577517505621369428523247432092359726717828598747181861371381718808497255084957152366499635571819832600682625207570302342673580633472845320111294843265605243724475
837 56505344648857825919801875954766910389397201827185478919836465470880334008103513241885323446130896649558504395923684196568427659300056465650328656841459722999472396246677972920195991955895142856655211823728695690343627691289766308362984112702113406739967255233928823292060642269150928044809892780947114811616818461002119823981756854698776253426052907224335093087021265923901905421928004933806155937183196297593838571054094494652492730355939573501455618368000046126111096328185933736514388123680140457643146644185349241785247282554469159960957223398107160070992871638235591971692060
838 282023192349666784801445082474500648350138323515294051444287115397260961852059264303273725879982382990278875580921531472852973942361275972751629541979826212605451045861918579875136027246583198168985151629543643045899376641951400992162648757778136783293047789713595049615595405552774900277868486187890593674647705774001988813691467011225747747924829121686560361253372514164930153462828103857669671523103344099133045311131825430088101256774760773835648021193540663872281552650119368002994333650338714063018588993016008535869377852826936357391448308557726350270463247363730903567911050
839 1407605776806185403702572977909375816590580707914950334036184130654568674503786453451327742337167490766224983403250892119332765825478473351715894776989786102363012417119991020496026219298457624688004628492633224477401383279558576530638787544199473486952282259496641832685250182129990381455054766942531078637778821148483546367640762994670190171210320113830041719701747159524393073564131754883948339580164430659899133592300072448187558164093993489711511123911446916646818357310459951503600552640578005714890733154676332981898991108140024338245286938435529002960282206670113265129200300
840 7025515152032324545576483650561210635909709951232887648333488743877715019645317655965223665545214889529296460765788424154444365558600489219517527172578849317928621226806233336571120287444657728975415184211473947797557874985137657916728321249086638393449042577243773444233686827596656627063705516222232545606609775718423177351635430079467412784624276926375007567644675425112114534378629568793948878501783037545165810756578331841407662213764974230708972548659740243402191761548551830453580065398767819263569805782982652533096543180532560465668251876116051544018093488494623293775376900
841 35065192293143329315728246871110324662738859343745036298058261046400062569267034449184145074195378746758087322029128850053119309145183089504969223078296207716576401884765087516901803509072341559235978351140455667766269610041798084025843080803462838404097554446560014071673362561385551862800263862146277506820194624105266351588581782565550244840270029926381595959667776304183331719745888543101734630401369958653363855051994632636294561534363012481878344544484469585467693757100050762166212048804300942912976613381970588449624777323529214546376954183146929938361467640850329508191944000
842 175014966263071635170565148764130828774096467650360332152304956046107676441257072411751574757271604829747137004723915754706721536532343282107066760154431914792384183837425948020508320775703196724236745210937140095576069155613109576393341438133840148194092705339698564420480490515658813264041448021637487401779796807767412241129476410854191695095785788400373883530622921203211732453224828314462716196369291194914391227773201722694803020433882575730582727761107707947266374267236874677328613166525240085904403978426699144003454590205214049442737729869455293617212817831368100333413478975
843 873524446904077603141185205245848153741086904775025606844358361523846700927065320991122809931788451911069359738444506002475485208515435043563157752449765730071393102367365309410397703886717911195167212460416171250556110383830947529098217571670660598298822732046770954986284139574944542919352156697116172490690453971835680682962313387293784943775352726563543572021848208720370343614231970348823070483888838050670005316082873316585251646586914310639451884582644204284877217547519466581524161099699637186708778040105826324596272152758260226229089516242666041647822883042812197327936798050
844 4359893175678203919600739510512294804086265433738510617256045040362270804047885284217795158376727479151382767220198314692689182986262958348589442905680361624681704505787949991250445799608734093884313702362148414337568739600031429684515849551332401324986912483077315468068582433981577443659880738419653167445391315343421776952755704225479495361055062904820834011822412911613621271661520040091781861801356618224601245194030753235949055106573648855022927805392337484826754845851497559894917661968114239375673587710009815370108910988852591279452883340518172791196987698533975188864397020575
845 21760934428786956834448934459838629881779027854730599671270976355715818999482337241674913899655244035363574552982164208025848120029595155394126074305057688150922054022039461816342933986194088229019054682663407609106031304055443702576802562227912022152774219090660108748639400935976343608766264757988025583202065032348674832786910174926653049057725530264298927252652614088018475842429906878337339402061357939253110887243217848187759310153679290497230708002940553058083178892749557205163967719869132060355828639000130504543578226325281989054328559739382561685619094332912605996856419220100
846 108612581774112644053719168596359380718616871184621308070521235175564813930242316300183582970088621204935209655587503643530669306646178945616999905513685133704315164547020281205834253579349822546821168558162786730073481277504300071912201868277828004556573205617959359412131600839305258953597881436898163251887663266524064793030331302965190458022263027431027613016520093026768404084308815635063004132567198248597363273837519894307590599070008236459630632537021439417874182083078501519031420563627704719156184111705756549060400361346522020038721420630730495063920611861026743035834114963625
847 542105279750284524973628286937009160199274519786096827742882509443494294099342938504195394582509250825802418357559366039669739814645763857135483636600953157774198816494943013544015239719292695411592518696506002284512114997655907746516123757403914775822680554751552925383246328399228231295614194002437093629042416146773687850410574487348218719699683280864191400844303045330144827075093772513273867908917877585386561183095420636693839956393635671219191318956892430072974655628916930046135762820973442893899383340828369284867066012894041608121939809716913287008724010170568662249038550743650
848 2705752308791500730630908898981423188847179318727780611648327168907269275784992443553631345555320842471454552006370376591502230196683681429171462820120478392268847193657248436812586420982011827221910122571807336093738961588755145381808450099896243869961159767893316255549486579586653763339610387855087528569492285223388200698320248878542104380122643853366024197312878097934183025519386782089205814042784968173849079365384865182329309621378932913492937961661486759145317311377266843410729433850017434198262003274607955425583279048211153076565460516898497312696667863722407384573885367024505
849 13504961083882402142918308365998596731824007102770906860173011553353892560997140594869563402972126061214345781651563735556387383593737844030094168157971820642071470574440399965284218779765965403471733788429608138858530455836277294586107874995843956480778921069549811337266554943440905680353866284513531868100436630221406279339319314960458976325986700203034333741456630190843023138743969844362590728673292619234420555052355830317440843123531187192708103105488353617916554626693723130503769474861447204090526734640658287511459005533071771329283828940710762526885319784412779490320221054848720
850 67406151632848447451983194155167305597490215009928742276086068095733395599849514663090134517098249501006288786563230050978986105644457812244892461493969431904918780215913681844705138705933849864150492794054418145342092661116109760357785904496755455775030895591128450006197430192597579457155400774680075444260886156383909693302185972585407126015641936628172825807443317283992678188625911251022220962244639719373439479569629917816744769812548479088121802391949284034030789054449481765599630948204791976748961250746929849874292726027502087870649917601981195282260126168068226480260084420623285
851 336439224664204775376264631924920304470730627837098595246069585666965214231637703242969124182874740247078025398493895526773193489735546277851532130203750205437782911866953077009106627039096855981409874076735484763527467671024506236355011840833568312524374885869585349796657009704860670305521247131813042418265204463187003374436510848818424514491093129651092735620922035025101047141456526547265614933573087048711420299779735797418541300364318340562849212209966714885539212163761687975421678095486281446329954118713817240901324442197199743087100850071394834152769833551087513720029483079212750
852 1679247097490995547132074283472321567055567693369935490758261425712322984332242976796000760949850122467462754731681854848752782692036831735788379491354474234194592363644918355602974389384475073658509874491110452779753968427902116316151822228960013553131727011687902891977750555459867788352660085627138970420669165292133843809045362798181117682438638379912882261181173368634547161840445132783411468594542623872123748138058390033868202313419387838965736601773949719402061197444860434735637022321027218835800068033594308856524387985428966498826914747649252024664689499148480423531341789495392865
853 8381533390119163241745287575476489798463812069020404500536584962844904868321192608570349501541384894115119128523623271000581173144280187009004881337251014153792198720243114029442645994337584834336139667456028267413344619512469765030552219969987641651191083601195805498831603101518476962985866842014942915670765997797706355494717332683846132973673843648262205710303291071868508350268877196193967013299193510803287894331012317951151252785888875292427932821713063359039375448151062981177196745214982858097343821195064455329205017702489547325724499837453924178623776879927541998958834543409384740
854 41834370744937380191819576513397326889015706771091143456977071824923634076440678124093858954812550944530557655539290576563885965668227027815657965442421354519118643199595923886718952533628744116086327461318053542215723812360802972508470223817254217743538224916495361867975274046600594036510098818624175648495739206378973818198813162989402321973639356286673688475420870408608534729307196575967942804609320685293148596554342303290063335284691460535800293106571045894501455353049331873962478372817221749068737349714308501670466751430873073675241499298998534887527764341986917566800283485719925160
855 208806439734251276410489823073020965933924204777187627006610627016722993676145193650718487975874086476042325539682680611203552571968015703804571379907842015075589227868539581008776009910592602794010355778364719697054495576632125358279804359813960995170298929141511604738142879833601196048891730327659703524775033265316735237976987249324647176035592754776859748507935522103411421976311344277592844698270407433922343253300990008196955232954140433104241732807890800212147593042671241087786109638744390231070611138911763899145102238524697585018749039404801947538486406324522099389031892359471008280
856 1042210442186433724852413082756009806635903950289433101554746367397186152267718761871277525741827625670592670054211985606128756691566307183283771693384185305195269593329939061682992579111282043523281895628542093194592627692309903906995194797494452634892186961086593748481929545339757639054277656759880807837548231325212846068913377005262441744045005831438129350980322901356573467218950534004060580719501635983502842945552308027843157740579385931246288897321063595351526459230096082276367487697824487739535679363402524671111639496139809917962234163044191570857063196754859986217856305596801036850
857 5201969887803072866980673915515729728564879695414048949263339617988205251296928739832282417878771349838990176263495368422349423502417966725688010172599963156698590903720189953740555789694859871442816263197759881311903048728360313968125909927575418668412720170370961675405608731237585117001583706993947261545639921432932412259270409209591981914236502128236406322056635293746871746067539655965926888639646883975733849601900525351193986521540058058092658703722955462475074876606817181354328325321713041497775635407694494176274298586864649156219417999560018471516247144727685301293285536315435471120
858 25964569582457434035288366769548373059215923191556451723938915011615112079286908810915042411905355762324912966597497162196960574365615360735089112357671593425446331454495381541633751173076353274689812253938007317592222100468605472497781182796393550190583115784915692140330272070223692283159176958717798392011549931543891303349055138208146550091812501313541210045915649898422820086128108618312688240303452234773982591494180444684341398763533416204550354481978413377587176747451823697562849914656502317255192344840961393544201594697281542158102933717059378303044463083336178405454371924045093799505
859 129597104752013927473671799761587124577513013580919631977569266077112425591742790072999269165554382466733107480097187927390411079533317294418521280909118199309209620756728166733417646151719241232381413147794675275260775178195756907598576533827771609490760270267505932283910182728932819710283113926904428109713936132998369862732092192787657755104878926312578611683079966548970323663210101273768363331624002094481774312008589235440071009626979223097929266056083866584497064762180452115174812502929925204046075853204773445785038379667021372579529797886066535673510562140651351269234994449019414739470
860 646860075276314309518332531059028468783049584054236080047277684889726979722190913326945561578204435670188269918668660236412618799742327876038039278432454891722571143878531835484923852277700329514097764125305806754985491712434798956739969693369185324948685521984805171258020223048037708222679910798920065261299443874359580682355417737598214447878740702270259138683740108463734804360877201213215150882499691622695857213094967844287348702429048338255901432016828612590819366106340210225797336099258032763604562295372584586587778642707628373837915438946251299817646847715562594286425534607946332895985
861 3228689404421956365397809858641178692069871976309858148766012155103198462216106342959084633283067228536084392005362387158412150723331146187437883102662164321525472052357429622982104053752705101544763420466401208893254512328756899332054730284216265514152020351238951168311744087924028337583390301880763572483925498548661158711060652592115206284425334372860176691519251119772748121400535236893225765775556076837404729021692323613113971045169932288346641302413306441172059355020839585039274171318250177980697481689594290907910012465384552774387510551152343914421324773222201600281023679828154670909900
862 16115473185681871949936098765115542150745194584909038868227066938023450268967315091901031222487354605435995881324701727385776356483171505695591560170119251354978913587806475209184737499831998141164458647630522030363542286340972468658302616045860670742578697692355417123685620689615538094203661923021928090809315589422187162513080548580388922878055082838620251531610464817834044066054181490308391010583179494609784683184702549016434101880470936310228922217385655501452452316051542851602316935130183121573539510054259095229527009041787370874954875734668067365030767887127260751828253067815085470493840
863 80437900227032011966128993164065886263402137115040946248136565740855032026075978783316104237358426862986742524246811228345608649140653531629110519963178197423973464360372474236398349173248095734412864908581420030550765014035594813819223521015590946436675071679425760066857689069643870360861246680711396984445310232428687469771019420655135091562620690691786792825198334789845262251678496284200715142475555977299368822394435969951352838925388844550074524175929640004624767722594564869525424241188656300847883065999086067258213280600104734555920458992591359354739095708167866352868635225677665533727000
864 401494181894068415770090014604765584041920277860681302205476193800096823249485590013182555943548383893611133641319997117918683251305823213109785728971453929666061668860800476345879261058021108526264937794675382157157164099196182024702659017610923018375759079923986796957170235203609951187099851183936449606204555216723470424760496902619569903612432682215557566941151677316678871562563480844751612249813366635922337217479186139987168693695642171898481269275165262280481017013504218458464818824248181617664395458373556968733814158648492830291703481172847863225238337274131307979586597436577230978136150
865 2004004319114572748150997231322973044610904083559171325046929604974848639343476346698890773850595012724596619129197369620322916785024633971850043681892406676847497932166289940575416299151636913027872030195665259545225778884820784130616983225714145294971484806045825658481779226403814314216147689580392296938002686796240194310573382489357198221959104003445399213096306861714178543711920396534641576808990821048177987640236936500413888447798329667749137042305989791075322500200486113520597999160032094690397550582324089065590355826879922174441413123014481083004407544890601820875582504631230749128939200
866 10002738471693327875841999076847563735314899952681515547137025787552462907142129236819274223009551829316465688635296543310669067972920772614691736477318091912089833555621781190141178028955301665906668436281421499299974292390579669341098374961093548989740876465738557233822140686656788733246526190433603152442704729112109702153155839014292662665502790826417488388758473259816268416217377979378857224307901952669161867661327502240740223599701837306183799209114372333138838304034138227063453720177371035099805737436085872931825975738095830137978425155760082422736605583434193821224357367491162115277902625
867 49927524877023262628613127163107910404940053431676407511133801224211183799511534502593652581414790019069663253435490849206329032520699173908658225922461615494693398886215111296626775394162369469615584762101575976992469667788895772911745519877780077162807627576298853418949152853634221677074698690463167267117915603718663386862169214295633706923760772322133587453016794815054509557748046080749322479879016821506162800199511583519806428748390240741838302072362464305084246404250885658915348937157348401108042942489202915090662144937063459800559229016994255256324835700958650250956045832808837055152936550
868 249208022685812606469641439375147419190961393328601614662596977234785484854606123894144515978668583019764672819449386386325167093791611298994118001023778498541782339695373981701391167487050958099690481880058942159480881998703145023095716994797673241110438477186343913337179088330227379427843133920175476104378281199517241731253838924467707717575066877459798462264962004592798387041860194690935112005110426025941422214903077588089337133896087399597305629865937019240588931049785673109798220037253718059376937765267485307795866874856542347407542229694612682793304317711421907002802632335813146292240264525
869 1243898258691268606626506586842232960437708066084051903780474984427249086047028589132965244445309916164092490485004915371184159231737377295347359355416398908533117323639162370341482312312636029903475268988679540884960223415935271431673795417773248220483327695190419077430893742159701272930300163762334015126921240716398710047606134813503600744740020999302469122050614409924977231592784895146561356585255842616512768533112594321676753105039021156203517200853609598091716612062112673544155854598854480480368129377009777688800365960386166267840173057255858481292995857509007247267283929971770274434409800100
870 6208812665294988846490875157860933501522690321785008238836460122411656100795529015742578063462810740759723411689234196525699128589864402041093436507620664124060399158425005691361318144827586692970935796811514097328636969583169884609646623705688609178490687082371032708233326363001342359591682924039644689432079437103161534222536892881963940608230971621208410847155430231372940797640498226407865111634219653477722970329279719507477422496178249688342643898251958784118751355799533443208736332679247341936813294957197076912822820340283655566732189983958919262307233235000268527816889232476697762523646673550
871 30990822800147215657822928161716332732064897840583396912198456769782021976195751962550539424475352974521275065733817030430047964683738988127051100800008533267267785421644647542047631344621197121004169229818650035426715659280884100119871106782809898189112073128770062178603105763779956591282430147249869091468293735867143916439735388742319883433023471009157215271418499841140168528401507604284169153127590104532862505302937722275720936820700377839076042630782720737845695368377818032045615003349384422123407368944501228298009878860770786706172660213809022337503934821806603747678796965325514042924140946500
872 154688671391452654181705993359400574924778817602291602687628487448966641429526536963504695469246325729053517801925641906795300612625042016429606463329660842144008163513348164057434944045295919115269467230228719632336355233761491491681249415949434886781031515450095322527300407537470555929451902574062815632847864810614985711861361282885042212587112664617532909952398245003606149654849943734415730330583415878667989369667036179807795930938248324286413908454009975893316021998665938675545147174396838073466499315548841335742361755990509387486513545653491247559448003422183270583695527472356110161872381377700
873 772119928850704267454330043150910147227345837763578281991695146380033964793901708108956441456009599219482330517616253306331731308932165943759980263380357508185114377011031593700885710194748333605163593174644020594403538021510636072762803166910633749578378797543128886185793886897359197271685187690209106736694822334515898998819463768535742300217483657405718559125830747351342005951387470473194904105672475952736441788082299650743404297491631443181859881944463165740138266346089224383131910811517960639330457821914169861665253904004838319647095118652429293017633507705550886567017608745896401891143146473216
874 3854001352949384113859292670392883900611987920514642826152760503950832069168507355756349083710429526812925588233204319293049414421456244773498864846422205042483190419544174975269866016039796211051933308639456686928334282235363940395655180767616472736960855568733845827210664946943002966543260282130861062602543570616857398690568472946373708026073606586742411936686771774097980734112095127002077240477556531167737856635827718224303285528074719628353032837123489362408960578027405148449029523292751141108973799786343910480374636524201506459777180859707547540042380767007608406101045444295946913816701628782329
875 19237109178948971402189701816949670810488355591640538115765675358886107475717036523486770490345387543501926259817454556268417721362592742978966962791749796725157009950559802313358445801061467395172523556641857613009152465725865701867889683483655435131807465465836254886307356001343733057246368200725534205245244305444719089409538825485153653285949153039111686078540980472588991716350392508951672799328328817461896021304855131722417367864704194670442846072436945601511706745439540994101842218478419325577389414764509414373388291462766378930192868609852295614513278787822647934672393041015497496883155003285262
876 96021525451868677673110590874396320632748297594203219397307743963446852535948423644683627893281909904339410474270285689563146434368134233536385207103493566863787644382088833442417466548195310014538291693923671673390122330438500620735620984948647152914111366585680834160295389133044981361948291226174459446666849736884147748864576529454588722363476364936550562773137090678952415475387311012727272059361939948693442939817790157199437093327817582084623660109107998975252039534720291853733102572504714078420029274400407405783831168928182556347758650490639625043553085505508385447867459389019902075564001195207625
877 479289853185743082560725992675238492833650427965559488849373948224760452328990313977118989110047704166776048487044103665566345367821187743038056939434278903089288786173917751989067712567980664767128265056057131092522806432303541285549570399704929543654049624630443968337975389690426054249648737913762897567880337503837353106085718487434451013058139211418118336986253970673450620980986598559401631738008452677619277338155284379305583607238031201365015021232534764483421291464941740492635215614252904465688455337795370246190188387850465425863966967475587083291431005118320422006801867642104558292446476882291068
878 2392371990052759134148889858222325112091130822856482400721825927285336472101889112313384279564045960744927558486307080061764527631568405049720662440055742631625939913948002471557260123231937584128030988427462425202552573333761854186379336144154342876859002152093481178130231667409092660227534554705328284493455539865611394817613874705452908110579843897781629417074088618871953493542089771197106073999188296477512018278565297128195813287233433081647527116391007669229835044278668079303296868728816384318597551458631333800421086935769001379352193599098353583217194965441403548530045688832665536705522064857788433
879 11941531313462958105324328422146832704150156724164828308477345061633433316998913999899113806811885494746880831761135701566637383171803594550436146253643737793893943220481962551008161574933201698133696214661272971326645204255739195617087454561882735843469437815480300458214417239707741728839442948763446484906634433058058237866443260325906035074241116980516879647554849379376247335683851559636335854549252499376977116702732246245015964414748300382744218262625879205132653316331163203996030147274540217761519564036129603392943326856561351969964399060404823671300378730683711861117439613436499502414733781067560322
880 59606300952652279746814329101309945604388652423085117245003243620902875842103501156395475591477330553809500732425453371139292160776817772265324352854003204547918721470448121739030314452104929704382763289604916805952341349213736035246298045692567237391168552306756058147690671776166721069581652322928643360971633677298980422054474374395194276498179938408695484025394625631341059367493746615302151811487110716916449459916023615240867849776478309152501117835679538309806023514432868610975215413820586858571918158674524886430853267719601456305350670025112513399953060877436135281675498124896559927691473088592551901
881 297526158847976914291795752611467653253215360442075177458739533319868066909333886353043275116472724588452445806912597968171759172413041837784258455624032944081921361355287780084882732995002623831469352674885239820863227458064709155921807091971128418828711006563169016730828634667955672642092328442249022434722181849567427595932108570690929564454051843667859169380083533209716931556839999474790310860587932906335771629410677469406551154411231479999590621884819373361381196836846896542056786539153095807627499759118423622965387756354319125567112284199623765895039835191647265148498111018314719174980759918590467120
882 1485111197154722290744201267099252245946510438350074978243018928091563676816387737778905543679799505846471570231808124560353880159364851208744816223710132790558239125816672715143412221907100513578079668002165824159115367167000867696275845688103956809835080070468547196468032141458486202038796888337951115864822797021800781603251815122458685370576197223331296819852840813063638187991673840154734348412104897005737600035901099715169028030107753223584246612597533362280080223751022931491480301366184819395972828793192244073454298476720137676293944320986449184022576391187040938278282128821201930014024189457634769279
883 7412993522027824195457182759179228285013830884953515538231843815815688586537271770650916226582134913344275875010309407630772026045407132608669109301107211274374473140622929915891706370609679041370487877798141464469937188271299555136743079118270930195663885164511584211547299623591219039732437208051848627775486010734445227066955510144252129228725349015169954496548406462481576674583819000228026373409855680358350973815531014022165639207242498404922120096749014352731469786384634632586277716010388403434881916366935359414666405071443282305811469389218062247237446299817063106908885087298104377340039414789106439626
884 37002332199497297056323377797915578290578057678420464537890749009752121134406684259429262518432809099390652240225392357683431812103529612619860775482244011558077616549040147965002876089726021149622531890011343261308008666839142975840231580083754483343632226349400078112304521038027400281950497771996135900546325071145516085056579992114979703953711675273344358147148874064407926396507084718660393443821649530601432665859685236052700481879006860467505121537814182842070871336217238452912431894027130508236765414423686161475954015898894600776022352131444319476757884628899201839476401503207948728963942887856304017619
885 184699365000879332274018186970366379477860441495056885137072002998347293685497514943640037899580205774969354359017169901550041294282425906246631645271480818697559791048959046590555932140774937042906316760752432894368405735914421479225101546381455419965842785440755102454158645560601751245854033484485439071210283624949003558805089130305130401624027564608096862919709185980858182634646383767642582190591380220175148916789071828779178573665685393765353037623155080696758177788624644575408815891999636445583046404438148155972871045391722406019964478864622752248950269703823245037948554805756552137303963844649975464972
886 921939732973311890890448218954449472781306047693846074948624954848962275289708832618626342957204667182402323431042431868589134279734138994558013118313097798332068877971088030284799329554190591648643881652914133897194083646997184415675051114889977069143642771576537607979526705080721148347825369659182096298891007647375290714559510365690616676517024082740146860310149581588322675076693401223694507254691100397597716821882858610548251541802731637801301192559663749679272920420999258923068731309867902037528989897093297335870595108988881035554931062496534690405878780415418767897226283426255049591939368965461945421680
887 4601935058253421597894815540800001433273381112357813746856164895635309146935825071637095684897757378342220725182084173049226480386064008312195733029480496979403167458988902758005975029239694502500681716132684341195214949935169515740029623798850479048406572326839745434426210083593909277072661636118574887112154769807359236721059212576675696853106134617980915652032049740623502435427497474216815967785019546508709511139234343097293652233471203648676977741312536479991300307113436758480026506469363578684864961193975828162454794676738529435333047676453067349026197353182859413544130563032795293253706685826184856203768
888 22970966097001126665245642246975833143407737561319878534783493372053166556987818476243115863248516739691263705102133284615025710826789199982474064216893023499944810675510990764246935314237180103189197349228735770895395906906042290869443171870996616065258365541371948125166288840611491304354817008072482155511245473916582237726638682447370502420907142804149249121135738036440132983768360913623955673127720143204657305614290167195063370484913419343104904154566797382382221766618991182951849866649472727023954094138456902984598619219773478312771449891843601218890542223352803454161632072882498458322772428398175683828910
889 114661826573926746282309223467190990699015727728250005035247699501079032015752930002110140359320607331634753613292682757342600209824680958702494404643713225587963856744968889107548230216611918339377548300275285212390735137618484189866037942894289764828312902553265830033746135728627949012525440172864164884545039999152304182603914794967393317341964402736191637152478159066382525852523967585603527751737309437170422065984436110922809842879338596409484225716470421147926424649486727446761446287540366628874265614412527992307444359043672357974886139663418361684763423100121974573468479207375905003050418338168825576454320
890 572346813000479557775609744584364741878865495188489153313291538677748266424318774291012680239604824373792017765677686979870312023524475878290411398993780801183230366091019540778446863831127746704285929753042963992073087467801179237138987258246884159379563069544127840003699438824321815123782920586023320401959405526443072068522220497250038643512598313437373674568746296422820001835627405611266141568011660649695275838896790419956571914784544924933258137223323517515124263269419822091150576452975242843784803700640866606347293848180742588378302627319147838057307133547635347262614512022737628559397698102087751378726835
891 2856935911279716533006365402489694508544108915645148283243379255875774577514716963821821323951311531340054317342267904149613485585334132747368977340069550225482430461501855221808427302997591894618429811196757902443460413769179997923696457430479414081052615984044452108864963250237623964559585352868567593363104230036998772295571533549060414808925658642957068900231976716564380475476713006062725975247876467688015153637519429462864783650735183776405708127390402812465773190510081573442264963090901380989254664147783362388880432057917939147337865716976884240424854924616567050394611423958653688130944068649428109237307850
892 14260755753186681629500138740787025823761110321433319757721636463657985497220370789098525763217514524034194597423791636128686806536862613856283258173415959499583452177860307773251599285900849746359749927565997280108541288982089143739949497309559679393946467121775033618745800086937588029602334863879763183356556730438672514909562667849803791547567109641637777929893850252744637207154247743738925845532396058835301170949506866435159203189489511016892454628768343534832682278385430638816851674233372377302745660777529902190269075166501128641526124415489504332385291748373617516027886858801507694837345297471893663428408515
893 71184493269904106653769799170137197363584513756374486261835107049065512283041492741947571538768710173669892865610272586882443397957519673887596390589972091171484781478540156796323692947728235079658621722482488710568497179828567867110342106971636180217766219723671282192482479144871451786236712250436862217268933777805819227399296150458244216141557840460375487346125332472319306993770753194684966719111974591990085576803012757821376659642729530302706675730540626261057054318519971099914882746791529369309448988129947005917015326257160681271801975549945556817933291564997627052936109060500064832691559157031367931554118020
894 355327699967398428645296137027177933620946620517443741184188999769876778277623833706720883249222158064516493907886219085998248891524862808951288437174648718835273901816149440299356810380896132293506578859348545576890992821052392091116276331258701747553959313808641531930156732914807452529042656684601754149314091892966050024524471752193223548184305496301182971651609848434970586143672271887374422067567032805457353009441429569823247907897529084153288201505669800885868662640269639059554461594446185205879213254498191068066092882064387733538363105199674465130528136473276731220484605243278432371868000195699899833538491680
895 1773672941068668042554712871987625838601738030095400968429223523801524471973856870503508042472429424544051419795306079161851571773856928016181475591212852312855671100608547675923615067268624289894253973486377963654543567515723492576072037487955951817240868190388815553188327051422742956245910614448164255492703774349550576105206697987330074367690237816296486580652996562728135465255813501972496989805763874943611428492030234264253519838212529521963976660396662430870552212967167054038694249536770991828169824183851697776109209218326865079037239066778367200345739114559093281739266695318443643816194437349674498303337217640
896 8853578116282985011258910782557853270045476154542665297538924906641587820271777469132180629900779416745745701308370710452613574190789796415677735370780828207454500682344218951406450873378054607347196743293216364464542216689500068512592045819873811565733625127103055380338120484986350090729198199783493457776917551048846325932183155708298578476540140139351164893569652403782440016601343088084991355794368387332661575082647439723905719307210778704398772390478625496182595035764502833545783701157104031384827782809106354885972699240646599012186899511808582565968315079718492980592485940438292002912681502206612708553787016450
897 44194162859388995406535989129475611178405959870178332551202176491839719949975898526381374465585305887765176051955112492662472987575626191229953229247546677564482315386575086395575445283584643376485146297546139802315693224091576093075700475449472125868986325996483811584724932027675471763552785250916871178258601853980829078827621312409475245447873748267972796724633509104363825011629131944663643711137333644111575271097596772115944481004004692116000139466279824386593583136740229807965863909141657219584248292932149657165526389240968052687522538555646453192701462595228506970394282930397541017419106206317013237483528111360
898 220603197820021310478843593622595714584180788161604147679760237020885308669066192337621310082928544438838412042697608694411282587389444258919224343846894656794222434838696492046220197205623200753332084632802729550885375020120122430537924753763725609654060315296024730456357383853020002027675659418549229466594167135942678503511374660326644802765655474974045190476372253436228073130808812082330710837218064055762136103305800328409589876880089406831240033349163731464187564768992664738324809466866277611571009778816941967076686652254056338705973796623760626724704754579359493241343542014661963733333962289986294321089367859923
899 1101182997564938951608373265394942584922951673004712227968183768610740965931877941052941082835828495001230709996188290466183454906720947810850750482424482269569242481242256438060326202043185658504639702480495077363443047939831923897930481395258986762950279038309523798511492544409767288649123151646669045393991260165352184345786199909777779673738691858957273073812735130033379412185133348613391934430509510000450865391185398543510365727667790961092512154911006653361380358116425640498780333367522326161543876296464470609327283612939885514401821343873590273288626795736137355772261563826978184985720402370023532463943177691762
900 5496775385806628395898947794058210515532462379918401467247598429049756008093872070721159369023504910479978477582811064013487495167211592650754016762731376508122718509740790030425733698005259927188287835301738479554809023138323220934486044159830971500469183444752241568890358800787694468508256202307616742700013772394121425386871542292425436075659860376178261308502078591618322424612027678505712903813911791364393324339544531906114326948828498259163346849780671782047730725362191088931375363762020156430761042464595479389135451168627806057354221371456807515542509132397470674941465856052627140674190866741529230196671158143911
901 27438305206736328628962831093255604598900838290469966625325801210186162258397923997952823813266436253969295902365191829850862316471310213284878912136267590942693768071883723715138348137433951919578376540362825766857183490914765980052953539433491173490190459545077829248155517515069171635008591710704336566390323354264627725229167115634045408316366437835851060110771088829981362387599301340672918311643529903609906715996563999980402678382389058042507977737951723470756896070641708061878503052767211315377287634267238511321814976578551196501814867530112095086874451933129386999780957384376968317937435146860734872258053078977100
902 136964296420874365006189447108471010051571112090426300183467960053430331498212885784906745043832959466696873852606165450420306179852899660562063398773125571306972714779368167773941787874084654880589455809508598789153653236615288516965358757331538177822458593940910451204871175333767866719754623902638579783745246484447991987859884872568734111688451054812863696698699877953536321481854986793240069419304378587666027699158081758071720425401491358996936113907659331563338797426691244155439011949133933783363482097489420991752971359300832133054105927594932940441213520266553491711363471642099603918780045176915662343573093402382154
903 683688466892825219962600852851727824432657126844849218110559065559038513190431253525392023505495235532777905791943747514344573005851790992559359842378567341664866522133824409648696370180565074298273333912015977571814042624254317123962243918266096172692643962052462192659250312225610187360545176524562046730456248009389203277288830229865582411924888805861817622439942541084833297843200778328546498952354174022083402765876583653328199039456030473498682711811496734866854181275682093486318471549185074832686817518299786326435921074677154101266329582198383636939640092063139937580814475389121606905762156186612066756783495356421644
904 3412792862265335683407889714805412903466804523055937520236560250807358454609567777462289256112085396738462812561801030738365703761579787491961735205420230932746248719998920787145477942285917841706083135814021104672449764466209227020025963061819710140917343110025845122880060166105276221272088649541724824198010271152499840521362883944970396010375406733273521371932399714250819304471198859390254530695710849374258244308654855978592095087346202572266975922559803250037187855650539751296379824098174083496618280148657074616539299797098456477621904356855741216988130514839391974993800201933695042018817756445793921500497833371785596
905 17035794669105621566106389295253205874599081955046025861497315726116617038250105681823923588456035583386637799234122725920360789506222787975245601582150678674728615735401086193951411248312392519971914034202720221183416054357442296148186919141211061760817152120369109940453625134186122782501706696977619443043427422167601125084801832461055523656723917069575019082325552799405657875860622383265876700799408428105422458338826432892126579371956290314593983063516616313800606535359679689150866421407928496330345679104151323893784089904171100830504081800651615208018044466118629804147921251004675288939323262114265932181222619685808768
906 85038512233111562213809132849136159506073477294848105248347196412590883078814797574624217408314720764797162978131921684880774635355828999945527575425823189213539080096554808166744977774646622359299834098109385635009202822968317574610318398506114553138966003925830062287673165069015106238852345265315537475336415925450867239890010561111569560402586891981754256262172959745642590158428951381372558161977369937339464374501908155500902900373517953899885546405079841547543344570091289774452998321995126213595520606789618788900280507407924269055807144702700198076536971657903639135733170387839569882349213671808964011325448713927865835
907 424492183657982373272328251647940871656305398108596773997011412152785385672602777568822329202670101846806281515418869304019196623429710760406808223276297038998764492364117387271197166682137008053995528216051605927188334501991103241131822621041717827313063915418163429656418178092411607998008498056111806667294435586062393711793365874586963804072951162358653612733276996863958254242089515833416078752464426707173997239019280609658941003406033605570657307176903538996249049017579783366819249747720240464653899894168810821316099802120775348457320843669352227973104633833749540344021945421498845803874239158216634313121758936216341322
908 2118968634013486174702010608499771096172895624753138173469075401907371989239919485966833101699934294785235733069390814935815293865544080776071950839540833643234751412649855523221935130511405933916386852271150435380349022227630978132626294624954376636960078279907789281384962339651580787762231908294313863745858893730201945253571923824295394899364462697690037820393712386811704663857504666578714436506809384405797830949250987859305092021131906584439915816065604001983302624682064622447336766316465080582787119270210716153811632705842224515451648600109995175645083958470171657852065237226275626711293862546221569203266175585691852683
909 10577429580849588300973730715950736951636817962568288589251743424552851300839748836929241599105950546283075255409811578936159563969268124102239784588305619087317225995101698118274577938060574882445047302821431877280455523102093392664918798059362080712271810539805945588656729564563512781420067961267803349073720895560699821088530576807395030485452319501306713171128337417206526028495333696520846728688590067961839272199367215968364160341293832013466788503850797829106217162309088386785366085890454407280617726523492310042783348837557926291853061062801502140945055246620497968204673519601307439682195436279241385276648201121916239252
910 52800318202800102038733754301564042802437841822914874970188746042368307070964896482511212775166834066777608199458038083965425950065608284656396438996642123817596917187418145847101155857251538157305075959027271568661881058291675377942602910293124490523076164943400488230216240856773448292031140354370551364154141373139728342892690454415151277099566680681764224826428619015259008481504127539854110422646485128125096840338624746534495224747746566983000910254443384680333494815873626782602671592145547781088412415524425023269927647529906174123909459342714435221168817560044139302729001519734973249413724883434675028719017220097910893101
911 263568629171605566020223676846429127744004543752239190418840282396947490717013580428289781524836677691014935068927999146973530894946080072923225662336323107170891066777625452499215763172592746627080599475955721830734602545487140749297736066611359901954247998614276787312606084724071305936989890426979302570689540875215773719349779312390430033421513604170351304366871794924591537836676003697451117087486552053296135080288321030060808968465088335729360829170531901722208912349722638432314562183016254811946238488492465910700756365239115183037129188354404935033517178890797733349527299334402159563973694610528733117994641330830863677290
912 1315684247290472759274172515105099074165570199704732457404717705955965153687155024462256854421388866000988114692594564818405160541519840740769232339124095741794318481598477678000052399695118999902078240027544288692370235966773640028271338404054790805189112970194202344892225515074299659513114237818245869039067470041934780805884730275203199012603792144468491979737415965157382304090654369931212668336009868668295640477717307741946914419259931756329792522100854293978135596157548977009543744901495034329372075819929866031544744886774750746232083738178890888380564189477512280933351389983819124052662677529609464024737419619276700034269
913 6567656183994375487777468839279982571022645151478130860872165820130669854604875843962926282506659172013253017601657032282868264038638451459783200828085841966784068678930351192811261854104491318592675946070789825506563502209105803115607977375072291420786645332817725180079927478902839015085417560787610964614416426182964002766394409532291764268047410798029868790887550774828477848717075947791387069964803394044631335922462590592037720986137565618700927269315444933308494578595730094634575546482813218313900011282524991909584214915959718435059677328559264339245286674750161066245749083351874868841036173828761924743565606056022119399760
914 32784602298136116519019941627167468385187609770835756670595502559818625674997958442206035883165108329458556377907616715568550136121061729378062938309966680331761553119740245974699298396920077658748432853577849119276908461266631799109253510991925829870020329803979089067922130797201251962430786144760853718679562391855047246205298954004944331106892499722251085370849997047002874474637729628869912451275135065561176261518338728552613129791195951985446835361261116989769127195607281414296045260650225245564201605162467049226604961900680146086132115099565731373116194278306597885989644188369891257935805251029753675647335925995842618964505
915 163655348790300090628014183654801620639980029505011711766799855972581980325257585902229037513289348880543750481280284547665853637218525809624625065644662317418499799649208125801603589619802782545084100890475049411717969312998948654068170015634198980435359611754566591723717167327562679154475834055685329578510300557135141140167404760911084317978756866029696596144983665916130714075173229631787253626249469961194565040768310577552641353755332009309640138166066874721622211791511426191826655757083591587953895183713573024911898231362944460403601166874039150320846366063486354310718659051577822443793779679306863602186060173053722962433190
916 816942068594571320937082697479295709997019465727694566184962670222471139108884566261992349643534573812718538485303458053392325880945186716251723182378765413972265399605789497546405875390919174976038391740003883535557117315742011980072105132745863034327163581935016678272200590766947994571746165153631728069962535050333798616200097718224879229691858976981103539910331985610951563908120587587630771518326383455629520914351425944882156900912613285358226350489476772542586987158680265380047204830841360114353038418738953870500347013923272065194734129619123390694021698363635976768032853756336814292818836770334096258904368935580316845129525
917 4078055087757668525132717580534346076429788245549469993775710531583494188049590302270524798283846222545495343079975258509202016423414888807684973036493783136656460012627163158651016642487242846231434054380315895901498650489974660682526195051587107736599350587735182972607987664690325731529005253726199669025961991659607836615927397781333911912401352604383756896318654311415265302463170621892794749996841279266294565855018437559001457143240799784098238512301205476908259784239826958644168618083261699640982383588750916287408002307221557760009966592981652256897238892616760550363844419442536001201261153537511404796739068871834326782929460
918 20357089426470920126191117440782620007411697149947172172004557122968620205978825857433324220109662453917662779961304254688751622487241191718038535914874973340947013695716990049569927339888583986618739532078607674027282965076171787232917951258041893434547478961531187096389677517051676435783539772491801436732260404654566781905116427076752728586838963379101860545406478019452153157857456020780213847385663404719280904412951834056577624004497205175461548129869110655932840337284094329276868811391665965376734625884391834113537637551208876007702624984466504259562967800865980977660999020961274939182919938362864180711771928479313933468790080
919 101619966677507284311460170935096142294932409072138829176884605814581403036740798865823749851801235245471026432665605956690155185067805925591919833605166637472138902651954011838327349943991436590379807462789887374244478855990907055881257879119675217793889005851623381713459987220341055060987127586228687314235700310236100493692046612493387302966602799812041224206575419514465163417725246486799243187022202302293738336705524367843733272338384476350920255678768176798886692082374935249265453262956749527226253894462913326156720187161886017088487319345890163680720550370472045075495049769501557404810199502529370809523744752304727005666799720
920 507274670628440310291604335018217008019113388587825410180485689186581037091133968435464115510181114970691346172247112285243692900119605616712430150823306733708142768738300589519302330440701835313176346853072732464364097413810116139799909274948960272688272849570567235952593099667714283917682447666517692750528432793299174852290676330246576289853273294623396883523404796417404371914519303413502348087578261443924023262289360734844181884834163630908668285939333318678419233410403539584441002680827443054335276050340725881712133596329493789850473422946488666556381188709183345590627537869136296925715289792438886527316709729675911243501843810
921 2532258694536917716797335598789180500884541607410847763927198037631848975261003966969325229908866663759979608735677121415331894962158090846741240573772273314885753290332104156970932876293827242242118097309786151043572925136889158615897770850963992331707834118279243575530656177851630304627544380435161266183949830154199762643496493424056187240582338966330396148096471371690704798971380872013666546448529716229889100092103120329387028849791594023252945413754738705027513619338197046252560862185792187323318795976238672595189205169212630098188077440545465801439625701526130698058591227361633249568190098409708737660535786866344017332745446800
922 12640775744711901245945596398499524601278697242660460837014525128462463317246098695373627644337670211407998125149340700707677376450109834929453091878352993620004175163245893915287174004698659340182913423567241774963434625488242597718362831936956210399235932515901989808809325285513638912398209208741981059437248520477597561349357655681461848370254769063378572607480387289036063466511627068104410011900394075051711400736275682971187102177300942935779213547219114305096531121482713870338396319773029718583536905025989125102124743637424177147543402893595299240718885763525021543738222459480957383534371278112834009307346727675199788941914228565
923 63101566859599276532842079142971010886529849077548843420666583269854687296827273335259960670387342888298072681943657761920401927361295388211905570971053116164079733318910610547124242119272744205876396570530427907333784851882417399554214954229749205108689518622761337401976171779580312338273597913902371248194208678851667004346571114552034283046668608987214495361712541509969727692254731869167880883709589596411798925930523526496646139000053919342672651878912911721779624704295306291201974766007631006363924294002530274341684844631937087788896793270482423454850005517654342476613330177833834339079536004608336366735832245453560741476137781766
924 314997653636336236819981524958410859768496545673061243319364280654245859204724235814125769174187836459522748077865722121762116451781317129999544356129810264144316831773085873852792846108556837150733457598790988091849496102284499081626871074342484240485902101273584332721449142087202454945396962475119590955508072676471562935470474843467698709478482690561121489167716594544276441371792672550000889803715066533119176305577386427243510502914679716356045702375495272429040397589985590606811648470767290260767259442297297386051758133822479567010183265287458575464072212814199798594493143590944617204090548283274879879215758946240793613870894842229
925 1572444232183717737951531230648069990426289138378509306315379054383680971831666896824303485957700060498988243884306358019791786174545663585679645754464509638495126798943184218383948396480402258145205647446481577714320725784023204594933497303246764595969939807980599516213464516598976371026739046779578726110138944253521454397762158239530472427979553443823244763733913739240362498510871532094453190007851901131829368243246014658260214844236655134863624583470785324620031163911716008474977216410691357962773687437395438633614903763174699728275940578087939464414840249422519712420864663939896731202675142970354697458748825628771684429564068100412
926 7849535188207414173152357053751969625076649533251051102888839686826178842605080732034152705444590125560712332889094398581248833575347889953701216603026187685487623153128448317175021819239089515990776383603902516185405989250572594972965121542577461555127155688343043602745340859426193989983307750133009642512545823127656721555610207222795670824436692947316343421219706769045097228202435076887679561815318925436498271399829119254850196762794355091195768438515306089083260368980938909927930902448246021479823518013078100565658826372465291102408658817614101726012889879440407647770440806006465792024859098206385704956513175597648022157795596580650
927 39184416470634587737571977973380786847250602433371169768534488985301347706819295082290876994447057064903907098599141768873388980809084943918030204604973936480298363510961841810082415002973902249424006879859275766497587159361541477173494201717888002398947035442910589514922985821554395159478623052341016692028311456303660514224741640528041706453028736452019685961499391926960146085245022116780163609809454736971508004486342302608044223825322924966311058197269709708847736815495795827389807103843581936076805452478664021550740846528685364719265131950244699250062525009104875434966615830445634428540815838687625160918929638021471908069131545517468
928 195606633766263068068030471250834912447645150831367246168241492952824526968860331231038307201971124043812585434578710079460430996423560815046416253843073331799892996591343418083528813268160278345061160808793344618204482090119137485457434043139884148547758552614281557444015765925598626226791016242517363210158433856385025512175808189089303683594490964512329125066775357010562299012484092403095245322482647867417667421274484088294841481307186378909889747712050932931164869364538348072094713803585430599867952314793956055744651241732510641919091952950831060557249027743198631698604234427881229931464340688144395164176976648313473403388016939101988
929 976460153796172239317932278148785154047612353012286616282077881639136105656651687651646532587952605657101934403902430356591661919319460332990291117628764940191796480752502256668193043131767257748380500742436188891784699621340957956008555404293503145298210231366743710851770943325750508651204921246044187647519202296250169898239551633943929183845735768008061022761182906870767725791027094753978206633270601314830513453885390284431041747986311343998690275870915518770529526242256907364702053628025626390388461329222348407433091432303716053854156579268464237352380169065830397797684737709635667524247832944496171629233981598665004742270926951169792
930 4874456754055447955475311709961701583578189621407253551609451036286132623954450562654479502947440159148770520663266122097436237990340939512389011988580956234337281176784026912042884052550721174905165746595121442884603981651980189690297419508213614661219147669883681689139048817249235423473483405824296112481510859787267915363952668497838616856607910027728007750748761211310868473234942758973797692636470836667766273785605720398610239410323619607510905270886509792514326420341283356459985692477924838879711202775670850854620241215383500241667670350707246578371109261052108195133514874521929916344604893845311031113371220265699019999114248623631761
931 24333168602575764224484819800226612300248238141964127752974526238721663445174566659406265719929117683944661558369768934911589949419383001241827865333076669612678243066865984144312475620549432180814820107229028013557243625184850291237107748230604838894429433938374567970270623910631889143794487065973655878471405532391891038709409071656646563652644308277221253654929022198275286173388122678493729944846621955574790599375738946643939031664987450266394508553404533076553276780567326862429221738344114979192931946631834843365557855560745224237638211193316908171524441476449706441094743027341053667856933468814677811225047505520424725630484607301843270
932 121470789746852344457766528265186899612557680655081750486564577054696420682723951031528041548663101583930499323257562550844465563681479629376041661809867651950536033431984239696179189215498743188726627577604542816342384823201799853058270201079262271182176983966601981343606030454982741048830452601590297901035851673888566769692266333792497016688857615040541318922548205681021676379739812791822707134316497720035719272199800402024609654304638318720315475211802772163221875495654668891971294391814242658219075576659508248442916972318305161258913368167762655087057584005634378513810463798859921225372590086767107447207871042646958126111242322691759869
933 606381285502932933033244066226823606501584239629360990127389428340697755293358646206168430474829560332897625526659945306954126640300069973634150808504554883489466351926275237016812841520598203034130035699768685068476148558400486867948247026597019379105191758627574475883199709400398256987750182889828779283220774558433474864508736632101452113316443548418537951880412821364624748614176015301508092205677839976165072976431620071473424924542556442692397845491134938551156733850314447950700255736692340291171393906075029377057376215324358570274077371938364707067707457030072544304581143917826207149696771723736566822950323401235089831270251976742085796
934 3027056078268323496423491271499215118755797293423421006532795709420338921612486036025643527161141423419139018410729259130986985278800463643713254959689697192377111432329882473468653095849610115727449007967084193952562698713266582843593080275154441044015564355945579176908446865385196025006055653304252584784441937090609071881764691415787520378537559531114603796757282262816377055729222501592894677357093115250435759605138855713114061626971597150662185738664613824561575059621927633246237465129707211724455528708923123600614233965107577526612865911053280440951181254768849098702859484077214829176474542687759947975788700887608279785785383110743794374
935 15111093237907432334460699844758935350972614315939308819412821637529632981711950989007016568737228936453948692194973983190211429359707562035868860588849000775378555826914815547651744589245341697140010401302767640117130202350166063828888429845485991603120674867868809487469552463840434456847029391346998127879737183283316248426250751316332949424328082471716368152520727311255451295544456803275758351971434604584925259080571952207630053722863857007524472737789307784943641542538780092776092940902287937658533592196654934866221516883271656557023960211952327977779324015193375219478623818060377785072393522449063078743802590024941184517513769478003474612
936 75434852183372704478871215273433706165097306668020900342852544157132917658033225381247572014272891158356626395112596520932876846473518484085305650462432883029010430916051406090010000450179154888682594484153778057138690983730581843067272560608119267343194578228269927882800985850236397676826554549036346937297287957115191787895949940122845468089160979497261993435782523417320650569779492453207417268671286970021565315677052795037173961415954528856348075661689116626831437406797968162721817421738170074407793383826993291397402057137358381114026076655008918534618696252301980817028047499148157138472888874558486114684072801556968935866176030338051351180
937 376572793704942822964207545049013012997816732340349794578151247689618817381788866185816606800082291448824404696230602797385215114180031309842597612646320352729035339228297550009267627108193695826956383220773018529943424625506740922492439035250260708228214820105232976067027857025834438802079263478239775039431190945462735537666951122508348019852350612737969381834651076719561655302028796201153549022588445333011206970143540903001423233052776509657093141252622484900804526299423702604954520405723180674643005934714282028207527529340564096672174264403098562281082105943327843128131165211815083940305498060968602069358626111419885615690666031859600625728
938 1879864616771999019723085440256755388144071319311485730020236812736411386349324836592776016459327623176351364110836592004494493520518859345753343921590482391979196789853057136056473828824576940371313672127722096522482224339192885183291087638990731336291429804911874201592033924151852606581533328927697407689629302508304096281830867453902374010375102617987186840786281302107589817948355706550734095298342475806785808075693780047732158755075926338256629853321047847123325502782444392700715146195109775936306844334913944368540948558208483546436620171866592165190784520571703672244507648973857001313337529937754304545309715473298414171209192777064918945305
939 9384366098403762493516663618902926313103110824823241745299575003627139455130395062285769637177229014986507098306249154765443012975199002368544998224123907983972145612136950163416911558570979530316551547895123807996877783130776995135661970091172970305594842564803979977521918065201871718019222392895837881915458462895001307969043028329142290337478211180564214899661379688989797192717164959771585436166006733180959957696998489046359086623707499912868716441183262284947351298689857834453364431440214200171675938506036110057990831905498158159065542016305711886458451878456575684131767134452959543203429088424854550531874542669877581254616805766419530542350
940 46847243693673140681116234361121558350553852911068319865806100561168179064289120333334683869089257994705905873191685107116949353628395288268270531674319885295027558077516914909968600851939379162612450278249610342663041669546461728409607732029201012592927096915156679155436561318164914348277878613984081099390671950816991493409506773016498497249602095293035797068605134226449515623531081520315173066332036320965015510846059826454968270098104297044112808989962608088207951914950379451664989799916074562125274692661221446177464132023893628533360228343869212660105977724320099759616345711125087764924929463153097491201638648591947237110711554785262954971625
941 233864271450877160986778294998646076462998936680835983846049735425272545571335588784532378220010431756485995068105065316396652698161653863220478830010683329833508729631033072152667759805848122149529232897779669253968280116236316029414964446650743910195852216068227618798549621944042492932236422505635084977895953565206274973840628632927982645324883375752392092702548885077810793180570557248839069011483689114574084922293739117939784132481564270964993286096266042091543742875527136436302435804877740358259889489887763430347409760774866901863653946800678877881652786786382501296053323375451752772803134070103619638248620981910457340082012561077368705757500
942 1167466538773285457155487619478031036278463182287874265894113496321517301206756264451855523516602473459083801897895829116380502176343178703324229422738510768855518024892732511457883219687514451091852016354364537738738097205751098717733748565740885257086802105230299678141081559426496810059273538918747268813662094970779361766382492544956844793332441509178758338230767111662421408288526214910263210845089087340889289903063312385528065050178684699231490911830135051781329549408215871458936659689215228719069900059918194381716021203724229865132809430217115432782131204825667186232292534450737395895951011391058012046156522200688165154188233541835597789578625
943 5828083093602474221548329374682136923584966954469048598301577229182037769961293582634555261480791128934134979613954444075362054898652934433904139972610050725967130203823284951214455167242423443989740286671598025608724116762012743105920750607022951584249365604782378733533596604947042264847096541452699280807520629044194777084862341696185101541598749934275034368875602080927775215608210852578276066379244241794101410389229055691985629552642398167733850636200513957767891171451070799104599729856102349430725288881195132360674509092120972723425161646909590967772310911587451838258335732985677903535945097972811752796044014628311326548320623976088739511145250
944 29094289475107537870123314375312535112375034191629312753031412564582839215092981164047073928182610385265408231478774040057411807859495686834079334490319981872946072453870707997251217434701469127841496938912736229378928747125093112274783312545772646335420658206612656103113020349702559360030592268197769158737764262001058582034707269402739173278394474229548679404574195156276072697148719991940407332064225866078014049130889280610631573266396551197570987126680375675023490872812469512852701060645535955961032914431307353654464061152782336173484794766457857731162573998362661291369224003380329016401581076228649024362350913503979544552466899878847247683854125
945 145241425202351592057394726873978046067726439129110976294546938962572407377605697081836822268584616934062741173893373071230552776721070520214674540402726116191435086922586632240027378388555821044027446151766672447748844337879189715404050939756212529536886475235662773942491459823442573059452246973179077528524100877398056547663681801379556329910295581252507865665903695580793384901914662063996493433806551946210270630051164105342767546281445306182415168638328078246392296499497350925130335468124436964542655521900347512019122218659127785788636692607299305035248394707575218968015829904499040269391576690818439428251879600115460420911156939770132488332198000
946 725060042902161539715541012312773952839109121082557414189105084043124845046476910339961256615491117843786336105043670110579414903290506419914292720871197861761214474599109399235191666761234060311953874192772569609942725630037928375577646226656693301626076124330084415989239459045989981991131139694672892294014219529951881840749900412023531903486817970713876839958299791910428991789169017683418312065651309662066989635742309248334289410248380721012445192223036572195769670046066056589063129870512113059597051890627828419421644171753685100242127606894346970629864802616450914542686942555126278174665877240909749103823697462355886639218800649152065738745849375
947 3619579882007805319493541504479439088693880427696860862517527263402727232978327128565381657752683034870969361852829084134688883376015546804647909942372891055478934974604298523215980966395104161415596840535100015212105051924615593972247881501965480987224170291194420727786184653612061438908735894767955462401076193550868706259965954003636932648610808405412149280806633460542161691416584757244300274817612019140485412683929981809952416464862713622917139498306013235319998715494431908861629953844561312477022629654404129813311127693022072530836528179934766018811245541021730604785417070094754983952002377183123237006450583852846671382977527243302821946273458250
948 18069372885383253870109671656944144130314955727198332135618002276999817559679671059493613605835646347335943947236656853396555456789339958765619938789003734746590674552003730071054939650646741915651945614992975606562614172893521928606222712677421227651727084045152950344602295746554683122413567672901994825826038793987020513742247658089494836347007040785331017418870208843274985534727793036667231210209648571830580089567301146301519426796015792556684804114115969708160529035139369586779633366087584179400245549853186940622982626738963466749233779869629445657763379163194715925570293651415577216242253062696022262375870089858179608222165386220518355862713937075
949 90204606112656231731250078350704158677302645888213414274967514081383746307413225155578329809583443332101846427905526756649576768775556310394047711386322867275603542581893318389851176618177054726712845078688666155297826670026806194569790830427768442576108764237064464611008862520453134996151182169373777950029738793390049442479544805524701211759025798399937257214148014859762407715855002399656156486427944820881521870397424194202032210751735657859098326249287250980212575909551322438280513615849287389773577214464668871370389764022578949178030572309428540308282856522496816839258834521384593846097189437452316087241957770416743849914511708529749359626499956300
950 450313603668253982796990400203251853767494115232468519234185975877236242641461542479938066867249917356757969792212214561293107915403166748752119550126200542594747934497447720609667489438130450183602276943181213821814230826825185353151927504399313867512180756101766850459693976411412731089244154403841393949725975653410051770086138334115371589316664465608393701094071410567201308428140161267761282865386846895683461607673338355686769664503673704496488334896857719063899496869033718944994375703174408468818230003004507195710917300812806066266224536305609675622768495971162442860362388923858573538586111034153478314433153081384805066305472711120581271449134371400
951 2248030173065284064531540793540670064868201674938810664713560170816717431368967889355973360567958759340233402370138123438727389675130537818621581378144264857949941483489515696240959850874989015977374724521593398079573961781498053224416042748758619765521573189048979806890975766255305851139445343707307132438825341247177570920982728244767501526290491932480004513798076594413092497527362193436610721807503297984679252872188880877472342708804974107822061379096476423102127329099515323983802238565142126401939640150591895158168944434176452473817579328210421837421126175128928352199139711340656558719549220065648984509664144487857201029007134227357746173046059945000
952 11222507914835960268260778717731088358474075874923031923404449277189402016600142426602032813712623321854773610145451960383780577302609062816717506624423009905519492708374940729927702716911946611281505168222218153732229188972060322646600767206040686992735840682226821970806619864039569050577739965629745203286201886653363671149136221756234688576945478739462584552920266416773631302588428546274594544683013145728208737528792831862207385673490637623329068972966044308698701002347857112956745353971952310924748162047103930249056630158507959813202310646887202192881203892782276146443095077443850321107760089281005781831712989827996898064413381842414922080185673763350
953 56024555354644278571866765709742860023166525748184859982525270676303865277170103462042272305509639851484890227132763109830196610713401888901553255291522783010871242152157687369467605004708875651533870360400889374047899402252239338918801698349151210682462216166744805335234189530148957809518008238362431937477106907507830409880384587263257976159198617061066729749893090088566512804113442824454995398964597566095126165751612076629359865895405814449567448330936443133883938825682987045132529209816042332833241993644985486648107614100273053766622163598016366426082714002737318641528114078031696677837340176639641204328534820657818113786011157599172067096004326351600
954 279684004127364117527941860246182988786773205151253417447967575326626124310024293943821650493808212766269939170885429110017125998360859183518616315812770893775205992538039086642801867291459729111677703697735323126599779289100116884971610698166893313280325258211679038273277386986374873111188366046372329237688317348222327829260321359557143451655873797251782613657613259621851758485403465125251925684399733282465935921136526742453714473651217181619536211390730455490473282386981393810031319676481448637517941652419379307003185693606551206938559525090989161818420102685005567351085237083361870335364289587079000405936519862570994472171066324482464634591229175726275
955 1396231878701694078599011768206991776864759051357825752442125377840358830188575793048988945714562532432452462688032476692060536797294546549256030856474394489396656766556300588823035600001247208825718298412402170153404971323516678123169582119800706597640606674880879387041866275864763963862162197788818002720883730093057851118164506942221853248815340728495272764931509995556613948929824045265356168283230737791511531482145152449213802061846056326544982869622807274587074505760802997587021783776605765830045109127397074949756504673177985428554796111363198637205692234328705498109929090987642989021812532759039454044160193366396323392286383104479911251728084623161450
956 6970247185970474250775614009617075893218950050423996650555319193651700438642301755670139853998378808796317398451772331945774198689406281751523613294449095834706687290344454198973955140398495084995447190866387721862992229713174993350238182770431616551373358728087391348860581907128033481022378078519411955346760764568062557895660118117113906113980184539234470275651014119326155897357284699879408579661049413809026608477838246981718307563463161253121813335531691843654477858567647408714632926098892970106164427597225260500654477011253534016306869547222272016289158332969014567278054918031120130936499900948026846619228558938693017477027136386014370903628369952505875
957 34796816883628417636058246792035591451306213775155306915474006773591057444738073219777147823520393577624109340120516264227671564834965151075266474900733518998234511339610246158995404335961219992834638639846925743181956233697774084317467869061217227539240270217938730815099264069195530495290356723093233114553396313927184567611663272439230474781581282749864030235682925135520375278444093711382769714500764907957277217132898569340695971394612141005986369543798465750621838726026970526529378196259117031552693430357407562081497752859949171138253296236983741137460970018741231530243607325966250424335274737276717044675315926015792677413734465017601584176153235748663300
958 173712696560390099293091836167997114238021279387486043483519397459438851721155527633073176622450179513506509568551690791777615121623439371088795258680576349859545036169686143510833735800662187338080566458328263506210774678857710091313150142920945085597742065116678506293724337372857501723698372642104012146312783644977612723018737883253073677563152395230245029307849476382080884938901103898287362842212467132675745048462064957611171109169956249128336645744000205586966020273750776505427729536778040483730778426133805354242479421519516653025727490167998082173102443777518301770337586571183531882046185750131706260615549873011161879956678274982708545394474036316640075
959 867210067520612715523927505492000052991483987051861578139807237995231415015849500618805339907944779906954616953714196479392158952978932526394133994174651907409875781246299651023882633836301638557377114959002796618685276903382855490060274775061519057071625393161368230052149201146135391094175384195386003083141071321952638115630244955600832818616447319609576088299574917215595390866643527222558071644248223433699056822727969111346371609851333591765843510284142588884936351295192759981291673473665633827165313235547954328058235711759107144326683464930380773822658860985528680464356481400372748544465921183883625312903810476858892634889727127953669894083397125195104550
960 4329300817236653561564275217084227649240128514445220128803895686114321150575015802145777662847422478824128192246314067117735755657223749808257996357029312618773351174763651637510326846732721900850884940740584445357316704668622427118186976912795722728000868295612981690673015894825974872643190432793778925369124771016210998320520270870228048933346330028298775342023897239649341579261510844347223800964444282796208768962878365703577214010743802637205356994618871973805877925323088426231769830575165760468640866682144921372920005419310010638455209513150894923518638336497121877793842976285044365463406987761964227777224688637523924946300651980678255329058334199089469775
961 21612843946061151710454034153928268933801572807431549437326888544091890273305532008405895358164339697891017976147218146296811782962441004479282700895980013163723082207607917188205519262706139204164282391519795476266614968217594527432609934831671637397793584545073343216679924435707105587787003462951656742251480409827382322376786615302693423653386644375074425218571794283687642563369586084092928900027790807937878340891790744809654015221909520262939786294187385454178325349733084440906729514374413704181232020867789971634885769242856087814600151596071901620011253669412702987106197973892507030124084736133345403335922592660721469891712918283763591559726522785265896000
962 107896354753208532248810155941303145555629169959287328788834063806982836163172000683191040278720103252339585660581091371922706715026558045563895143624563930186637196325821651418955801525228540498459821276883538499564714393194195719470050446374542847703126953218084325845679853335955716037898651942042712782039018101295727382266716892340380922431976665954222205852244512305344874571324514126989411208749766491228515250407579735070846488683917233660226131276229231504648566789762734964584380093555772741414182837296655990171751834431323607663238439453367629587277614460054813145051226056831530254323989821855013319407203960567085294109385586234631363781085317110411575725
963 538644619609835537309427711662880441562148568262247390205812059229955520132935774139121585414492723103208299551437265305097073468356448244776777768963524793042919523187363727389589674905089078461552290118136143270241151382542281528580513895274055225432458526916301460626348050325073618579852952310506677903852529965507958503689676462666026996045049152939987385600986184213441441140626070691932548634024687929590236506316506597140552418633471828139355901988473356972068077131449489016735672851805211112365891268447651295243904584677089883355980035440153354705260530578065319214505376355081272727883596134916114065981237173699271781927552132118156939061117313339306636750
964 2689048141656518867728841779824600110141829475226241641149610546307731433613686058518382597960101671377893819262754463962150430447806631746585792867911116101700226961813774900482970913979935012380890283166521632352425911957165210424870015967856825369016844029063587624245511269828128684910369848886656240655017947117616856922566220582454182585915721214085267827730826092078136762113189967045483018143769193500557817058232203942593660260126087140553147356452335653177681296702800802563168980703105375046672900498880325476331408529750236987401566111123093279789950292325051196677426356398717158399386415807897653287849881901433759184530507031551964650446859283226643793625
965 13424419802882988655418471106271676236750821804428039941674539088255252149290611048625442631600715810471557580019122875328998095500716945980182678040719373542869204958446887771702282887016787984503171246419770485137787501226844888195753461436365942230728939531949758872323071723422974548441457924088093342163945536850051411325842554017338654295535454830489444561218871354517555397418729646120281892450296509842570194390703234454912070235274803135253632317893841732003959804618298462388678378163423376608826855939873545005227506687813563102695709957900114280689570814040304116510327528680938372570506941603140452864057463939961303088251438671514464552256289103451155456500
966 67018262897877994910306862375027374138203000582943625902604506266269944054284568856452737138430740813746929634590240089467101459612713060078199282257581080067683070931047150878638620273584895304668152209232202028317200461992795341769263639531442974870881972006062264958502519972260780025578378093512460128046235490273979335953094936931484030490719416135629199491622584630533882959074176358039226284215962847355772952165029226425291950405152989797997633287907768991012318746157841932411793019992276374069842453526495498814435121641049962672242329932245208266998810483868897301506681338146003238172717351422890961154513693176363690682306222802268788699273518456853991908750
967 334573471119763458687617926908219173681988829548334697806448257422801893171372730744613917944747989946173675676612342445419568450658556390941750691019771986466720252292442466551780791414059973636364991141823293042229621562706797797984872086290713130092490190794597895748080425113226264128124838659389124952036139593130249799558632392545627736217747832097131794946278692644373018370055665207308408589591785242521964818356712053931221754110905104646974185790218244948015041541387906003560717639203500582787928687354827407683309226333867883296800152633604823465861348906668468614339410483952109376231595632616865280387671092307073135811654185693631310650440569888835305758500
968 1670284800731800227220443750460622711675228542446216575744569209722164822303752998506707551463202952542533649336333144704315656525517896895321623807965137342294606915013520142433264263959547715364146331626047279527683118895076800544182909641496826520841655062743419738725741591788672976223339763497713774760921815237385064520810150136675638944531828872031474164827534709016828024254158912492119363402908416851687198642527056811194184703427607724940302034748968910911878901897385906415184320957841002687720443116727775765224934476785502225478187889472984247964995503688119362116864344160450796047175867794977038273606842199268210999538117379123844367371392256722553831755500
969 8338544419365748254818291196179404199407408734448463281608501660628178441396111677632475897261047864181422672535916840549964564169928086791874657128687108615388279309578286143881966563982939946986767502323515640921733816742415888213733270410740579365080648141717466374890361792242627434574282709541035574111336335468489757124954409405141640045705686319347249864119044024674276131662902511658691124638411070751779550980173728477364786381395389815276797273666819062983445200083454097896468718677053642263645530344851031509424764630273229280558408971801928219158279318402169791961104810221579956198404515202480983636506050052778032956198547148578298857543712098054937426712000
970 41628489529022842608616244005428707013355356977284168472769613294231724154197526172307207879703770797657457536039705759229328377774996538446580595971418706265685563392364042323792729537276903777518994669072353564227692962586480546612136171929401206086348229373761698961328564728450777554539195921784192851872189529409681949506395365683247313196199698889209103194464573720998137206723902063423788971367571003288255665680970686723575107190477749900716648586092507327891509190757894023039128834634335777741480751396300865455320760874816302855075722184174417722343006504458283725522446087992037314448479365409337039434379911306098202668435984814711318176557614735891224684829125
971 207822108605414057094615967508889111442232504568141917600834438653309926366156814813715477848712685267142009607604505187240177045946529638719918621836531259150017338848034338302174000394844585706481556077003082270323602176890967481326171222581123950944309885393646463823023764069974711796611989114850548388836951702017965740784648903025092060407499909870092462260623131191807837986779393972595956396448438473378204920106561448573814026579061423975036250240628978132861504207702408091847267952172910022528434317102596727882629459558937642021872736905494028564979969677121295925929594661546434900650545857411061231644808952871821170076646499110626845726225036063771231530073750
972 1037512952048823024767986820358897124130614316499103242029746300936259475623845169813784471369884045371387702861299984396198149449526655940119549051941479439292921822230733062368891342169001439135050026574697178460554646796245666983267566275231599066851606935605551756736769495922649008794821053561936118886268664194919894226526596250065196446507599367476578433577470412947216199992938783364757315118203218600105510830274491549764736163990475588693010278431788777344235470359689478803239325021621353588447228129729171651196918571593311650913361779287073479880924052702194325139015867383397613420111789602950942368528995322485728431200117527225940075843039994430446470998777125
973 5179597252912599100543126021232596431824545719966524737265157199022756582978411643829458523450965871686615174885361748398180800644833443931662539409446705657585930911654456496537425625994091897439175663155448357106718051993602958380958475447775608658896359471180562648049558302984245380453630368323030977018578970579911451672181011984985268722548590350836782846646107951092109797749146051479475253720435998430959640471016759770757009799195622334806217632679774253150018609791673311510856322878076536130762401707643068901401849461664007981825241941238386056692695450191241760376801986622840057190325029141529357670274544681694484326600978258387801664010248989436751481139480300
974 25858250599688797326010131634761351795106265970631662834763209349663818733560808671893369982032493744649496849894688666816442639695537275250235768971881500659742181907088166547454662198537439596319637459011988375587568047957280443639800304796626548719155330465209653491933795347088494971081343599489698663190060631674976595164430068908747789733082814675506747885182052655026808998870556367586841665568205713649055701514813174139353147784634736654763817087299781294249071235760363936135236529003669979544280382316475228176975663484902900735391618845385342328125930944801417641952414153252565239366838778214395966665523052611015638725598058937812124285962639716424809599492810075
975 129093082211328834155959019792534630736356302065047362528931921782275410271399047244106360879443869710716215399063894839233203522396898194259768024786839819064263993903649713076696917609723629375360641123466083686972181921152014853491714484232983986031500248010842316875786280172537179733758833407774791003548731280050071108373567570959225731794320534568186968487964464153316404183199758163107030131237860152237942749984599619083162808691010523536689093964436822644635551418918942443893275304197222663442263378368699727433829920009484151267729582575892412820300680967996274904265522924519649410608385168895317941466383038448467358991424533022508690507461687747303697333012973350
976 644477085740881154131897464695379430842269951974236450897809473659025564061200673708069282904089724197613917997737175373063629780468021457192138444999121104704881008647933006180118439883036867661879068583269442435814097287320031974000020950709953555773823269984675007730704898576486253963701642386125399206237691936388044078965394367363073668328739099851699874392947648002351365580002730127543734474294418484312296821710750869356042941970140410470550195486253341831543896837572496159083533840736458412097194794113196708345538882759447863803415869313479593376422398468973275270424600483849701022557889802607238996000408988903361068027998527811817229837583744737227448210822986875
977 3217456400100343463791229496955808216876414689845469507994197370818078980694301654261529025626176665181593477370237854653832544102027086565753891357200775548151120398902738430940380263214745414609193834898005836548300693351575901151563927909928026241892313376676837239163089578251454775634733006720985672685029155166697750942939172050386450458516006710448578443167970061269006637025927956394647391271704644033050530414703528364070084721639717482518173960852437524143270591469483599411351751584249261745626061131203399536655020307634034647050391659235951484655979864959927710368504073270342732601559916699288621034973156552906785871038496011462826336233266571607631704040358364400
978 16062699622767893789899995442014385253609157755658548504906062049785643959479436325395067720314988516853419788154164631654108061433194321766390109194989900817759631435642467095264204327546191156966809647132892498710713788050705580277396162228547637842633563386124847705604372094084062567895286501520241274947011091773834429500838925866553073343597182900704678599608231232945958649525072239862676767403175374941701042664002500660462158661847395347252144115840182007182809680229529813605670394788343675786278959901548512215418083677871084553894812702271021156603673730325542144025800267192077192671619774373639317121146233343781416744590447188444221298565033951042766108019555308775
979 80190898933808861546711257359840773431575702603569710780974957918791329496224624810446259987122935813650336833443303923516345809708611156729132601542067972049372994160071733505036881431698509635665286866673514664738031215244750372345988951626993812387922868586443796603254216295038456270449210614486156566197140692069417631992314355324214932105062079127628580064656367814787450861852432815171484921356757513010544178527782465119847176503462538843576056665817589607911975455712332709607663262712536451766527726628906572777966918616924349587342335399231144331137509591285548052769220814098747866087491815551398854266929116409302276159479630120663323751446928037559991286996280525850
980 400343056748682653223446837632283839222893440515904586671864940499246001392364259301199465873816211990566600509732351067073289985881818121307893730636059465828552762287975445051084487398043150718496548001449644664580702781798875932485944057316508552659449162299892662945726905342927993007040009051822620977850457170520327869584603441975137680870498380606547834088704344080060421523654442927079878105404105658257209513336798994971666458986577256056236382484185589011462637149825801019964708391531407933014925894562703257520418755747431713872281538381673229377213995644330782573625814686976427409483689395352538780755486540998259471902154939190527181698994891560316768012805991873675
981 1998665856350684369947471071747822414547516841862615526395459112809164431641391096070777866006814648042287024211461484303164064067129664674913706699413881555391545125399489211980384633415076918430610408015485082118464249164671467404941793026454119834514139597340730756571673875142870573631444606885057715551231041213979286020884730317575648980813487961185929367539081277586403663191303851406028712961998515156136172768323559192943500813366467093131491914081552879693535208874439581580623833401194545059431232587851086320813986871777988999769295310731614373654191937490692260189398139443158383648255675212234327271934376858018221216005837982641452134050479343548576714350392879023500
982 9978120818017881184672181487493119933967628998216557951101249395694389327632331088845424479633229441595605355239982169587743949483217270649899550795119623789089953122209897705241755710438742305426626230972874886276491102357761945898072416293502788308104612905253606353547797025738171257648748031696866950029064466882027226489672653470848733397339088638855637588034409105812871702374103679262330829855557578818726261527063930683442562156446158048984836416650628595729881933891143120315650216514527638357118240191839164546184326744056056855665675021194770342079045518232725686304703591485708372412833446382067906427766703689568042242711757595886045904869060193387348392134692563262200
983 49814754451608611641045096741784870252741890833571639138976844048062696849590048702558057778947537629981443934766235360837539331244009271339401326116235066807158270498524432278943488460428337189014873317731620122972299729307460891171688731656647399743141113916894578764549754423576922016769323171507732986935511710481806531596936139527046078614640754263039511151551915167870626658414691187112478984597040049788854844436675873985243405246981174452703334178331341995773615705868866453239838926710976702811204972803994282491638645472336742861697850072483915010410058070663883928256735498821203808270373457184130847862313252265862139788017185985376843653409883734130429726184220543857800
984 248695484052532349146251772047562740255008829475583497878516030348966619875893132684317177405958953377167529767689794899084996835616410581946634578271702055069745197063628540745423980827304178407248927034224455601355076891589773529875529766630171066862270223839661686377199029137436736526049123580478131587161466595424152067492874338998017759046561373353935669822878652819958327583266777128540047749538929685901415150749237228918491923748489468402506529396798380427741886846794961291153060717041374963370307518524593270852372000651092726374586388245992798026934797257735581966153257848261775797486090090981246066684807255481514266623006526259632645667413999158645750135586195824686950
985 1241590762176817265373676518985978639798360363328584767543392520601714234070079904544323090869211068308363439439049134706064405292199491075850556861801398142242607764500801885594825110588678678872679037745380422802094426581788507988893303430811873321503456811512258764934499438961835395494222176605426015932557167111614723826142048165491043458630894884356942452765426304451141704448900474210113135256478981301114816862661569552024451634714895039727930105361379784070850765278341326363272537070921458298348884146461115873227749704349708086335964561132583070680015581390616154129851314398315925373097289635413331519607661176237899280875028638004704583572701926514927499820726225599271600
986 6198544350585959781987164757800652309262949568122264076548618368003444987022093823876647611397997608854334780971117625401421462427812312699859695502281308329604987946631001172730174872702010161937486764694987581355396470635863446255233965393205881987890516550026268289988652261936702616974256557982530868828760647875387442300218777997410098218695245899870312314088474010123745965607848882858532270206061407770454905331172380960673383670569400995472452776348752892467592548002382283988197898334822023660840362173706763249250131200665301694758308563030326256211568019795302205999320855882826867388726012671440136462695214634098782475260462381828444589332131895127604194990574945261190875
987 30945793181128357439212082087305836886436268057733430654657992291717997464016043479548182069242078055252093826528460826466887426550422818647147934386639164472398065307334232292956219862392633974623600047982592323659631361787243633088725521098497913009221816084161205837680944274835449044589692939142794911490123299005014279455131240308473620557279519518163960816821456090980040715235832106803957729732188315972897262829303739676985170863352321682302087144686192085417979406787808975578888329551102789225785988405312698867965438352698146503297517032642878849674699511507942360324355677573022893937686126993038859791497837336068749092380203091598673676285919793244297932509058044341186650
988 154494914599800621358418987929889748794016694082715443624843654464634082429598772008903601591573248581415029853420210970804049921157920659320057215822730885775978721357865318680723220680379992010035662166701511383572433741590347474178124167332077263104070734247991382971370435765105839834012749029576504694591860875894361332937451145325023306242060886939984978963576134686671754943113054794595768993804390458763363495189411904846812066141283462814945791977567842700570845233429288026799370421783982318797658213821682395763139998811636286934333083316977938213334122085570205367492028343993989054725515024672720257006158228794219104164686911371554189850227465213061100532114317807855706875
989 771307263806720926860999385148797059576714267702938161863981503642279020096952377380904471282654679090639481287409082230606393575383062895909938462736455838701967964929372571486718778134326436345951453170761391579865527197606089964264911929705298538118136231248518659316944377198445009625876787829749992871972904625773435138518662564024949122578414266718076490275429928106199681128392329528260867372669307031715091105799120755198441801461817766512434913056423081195972853196997511292162051207046716891275932357003738774516219028955712324022577253385577289717997290271227767410808513236486652750918973897527369411203049160982085025891077885220885297018983766783540946160356443717810466500
990 3850714457848429863459567991516086692573177042921620484268330345388778318845440711060748281338949187599457658275566789720861458850987348255742788017728799233457953288362338127616992653975296587521750821043265722442996257870203529205150760133598603491822698448501235279148962344285990532010895490379092944946447622757259955452236182765646112444112852014600055187544510540455619855635002709180547489617099144496264104686046932726405911765262711187445138470023226198789051760831267317416453346246862171856460679627457221662440535511002998095445247127653713553962855349267775048317645790118486710471108363737686563182923262950877890801999208777196038152513249245832761068668183698476101707000
991 19224536148829769822794388737216235322497099230680730446098835142318876622274866831509749114631134989886089361510147335172215338903097291777496770677064196519049719073046219232465176717155512203210058724107586244301749059641100325739215731762140811044448685880801329558398570920790200613138667611266517086230696662873916012397946596162174817367447050245661763118180524435424274741257897110747239070073125414346096878498010101415661194105554175175945106757882712813007896903201539476360385677081321845020737141981116381199134472601708187888067905642875046003531591935157929718629259848660077185650145205490099472062920458253121481958560701904488333579913888509584374913381264987165273895000
992 95977864583654681316193978442714369054783585155590030313673263252761741609759157977717503352336247956454987430981213127076452275627237332260366110478493661713954454807902931754050709966162429295740094130928905203023138036535650044654578219276606745767872638975207549292650451385416705344471911198066752096300007343409338020102853341377477251725808009144990154676752654489425379469744544847752261668873888669152518347337389192060570135836664782060188818399228731216605663179970636401788083974629090260950384051224864715143232316919236931336604515386347953055349538326310007591295797102803649524373839887930026413128185335904421853821176857501612281002641540887603877363341114745319193294250
993 479167058422674848332338822132853937421392550979121121519042759816931365730531436234978637075755936132891953558193248150900061079077109485865411639104726506863956270769716390996474776503376387346736313469623305547251615751524280079169974747756440292992570136196143629480664240409859497282499589882101345515289762872220492204447485595290221447763250833387150724531519087299002425418921770618516651326018809721609652735557728587961447186058854612576752053207958527640402957593933968098762298279152022980479319108798702501566913516551973916284865892866891630541334931968533692704446167551692235201281634269333048178184281875806157198534789374944833703287779971454979222963322194154015373544000
994 2392233019309272461539387730922148773626759106098497572785152853345118807190602551893499640809332483164698240664476528261630745137435507766845281076544926199047829857303815361418744897893316986390476348558645908713736915419524948043314784261276782462134244494611860194534989195819593966145684127755560007173311472075388312512999882490517183473193007290264305935054271793150374634345844986889738039751795641733119998553881965900068251322558931493479585755079874955968093538730397927489055204065424871707876924127234158881854868674278943421058949002386372482232202269390434907600632181941183274638056213769507302999066244879341366140827678005451533648692225440543759316446892740846243164042875
995 11943198822310788424790233290497580234496092128404880559681216878004349537539417270102747682207134749585192816629880533105382877595116737210583774743379257488477542119728029035754215940013209560653495245070482204621161893221836092865799928189443726837578035835700763883247193627563093513402023397678914509920312261988369653843876646700684413553469820648814995546727623389969511728065455362033967884629810394658307949938168736499488190998725652772747466539442895831393325374293575457517099704099393864261995307342640756225354599665182307718431996090911642732736752115564802744102543911394198022141926893202183614119295311654563334620138324600646483997059805353197493951371092133309210158589250
996 59626387399947559960750676291568723462056471794720784177008473927269796755891779986588825132705883851056325332193248608267093935274840333351620605792890752995489572169372827454594526899708138315872737777604678614457741318639384453975947620422451303720344291040710816925861389053801688554258622336417369967744496829694240361078057993039893683031697663476091595730563180564195674004892012108849447039693870620658887853379847270118872792852766984992703657874258286269119882657971497588323918468263100999942042948629667050352987871977882059212523315674214823965751283484333974562052279684436594105460495438471389936888914348984758558289962006393878793852328064227519845355655459821351791443249375
997 297685022810546352822801590932999009229697553006005002649564069794922739775757142282553107968742724865181077719786096312919106165140692780363014855455085717003673979944983232614072241310317437498449758790710744483157674967092499643323300018656143971822354854048419755820391421600627451586451061714783032206970417522230094611846391852513237756273193736758783164909588041214395001606643030138481281492345773255249652457198962273328568298484455858878022442843724165667696279934408219269242481621194253568477269171969791867960440693767726471927151083715262629319045815513187910014116651905135306112551392668254001382896125691752078867771663817239774357629454757799655825153293232594417980129079500
998 1486196120394149527932539524438334203731428242296807976254187089650717452494402345312434134564210599417297896835945397729477681157526351813343803788324238745130926052676251227481855015482789382139889603928958542884542204329810042527245243240529472425996978709237712061429086528081774518151071847522324389039550505617162439614428444430378713109947608955762258987911589104514140812436929845513564259842963790471950346105586985292447245254767691429649534341258298410947030506135966796118025551320587020616207035003748265092096789032028855731693590586954138797274771757682894687521206230318543520816377045564663592732684477159408150723011454782003531664273704705503170290984218794925459749614561690
999 7419863422769441892627066016620132157950228717390444224016401302045415851261668588478010580829504709153225730594373687798705051712931994949108898365951098248562301354788205104708849814454159526476899185496112888149369019902943578338053203023344929114420417675215994593473218998406473892707536866409754633717166633475346065951908246320605311705967959790737548510130817900064907617209200164762991696262506484750911010761952122451870613124750365426676003559309993729943009266735247699422889520174733510721867385939452794765474373269646955561557213246145447335676438688217590214034848467539593949456127117768490366597735228719578172669926304094203486845977664318822734444139104085326333864269514860
1000 37043869678754670367496911519695000009733125926944000563710301907185898236890037223320482820568651995457860454403745994571660112220699164279716380979797833264899435019328639329974031190337214536598657771153955791199827311648694921334954283283129847540351028122247451243942200574559551758111289263811232182186125531146212358903193832436932943337942586659970246540496271614934984377954461983359938010076032516651651529974195170693504530792872495558577226474226717111383147335235154275286411976094653861908689077957696203616402317998292546769293160390066422244265818313934096515199391800942071101553064407279704554167988774935357507194355942828221259808030896296664786249926464163467609923853865580
