{
  "best_degree": 4,
  "best_tau": 0.9,
  "best_alpha": 1e-06,
  "feature_order": [
    "n",
    "n2",
    "x1",
    "x2",
    "x3",
    "x4",
    "nx1",
    "nx2",
    "nx3"
  ],
  "intercept": -24.817496909023305,
  "coefficients": [
    -0.24205915172117326,
    -2.663008305002575e-06,
    183.30962272710983,
    -522.4717971160471,
    679.6127863042448,
    -330.49616294806384,
    4.440331687060651,
    -8.615958557716903,
    4.7528801327858865
  ]
}